sequence	score	score_bin
MAKEDNIEMQGTVLETLPNTMFKVELENGHVVTAHISGKMRKNYIRILTGDKVTVELTPYDLSKGRIVFRSR	0.989	1
MAKEDNIEMQGTVLETLPNTMFRVELENGHVVTAHISGKMRKNYIRILTGDKVTVELEPYDLSKGRIVFRSR	0.909	1
MAKEDNIEMQGTVLETLPNTMFRVELENGHVVTAHQSGKMRKNYIRILTGDKVTVELTPYDLSKGRIVFRSR	0.904	1
MAKEDNIEMQGTVLETLPNTMFRVELENGHPVTAHISGKMRKNYIRILTGDKVTVELTPYDLSKGRIVFRSR	0.992	1
MAKEDNCEMQGTVLETLPNTMFRVELENGHVVTAHISGKMRKNYIRILTGDKVTVELTPYDLSKGRIVFRSR	0.987	1
MAGEDNIEMQGTVLETLPNTMFRVELENGHVVTAHISGKMRKNYIRILTGDKVTVELTPYDLSKGRIVFRSR	0.42875	0
MAKEDNIEMEGTVLETLPNTMFRVELENGHVVTAHISGKMRKNYIRILTGDKVTVELTPYDLSKGRIVFRSR	0.9765	1
MAKEDNIEMQGTVLETLPNTMFRVELENGHVVTAHISFKMRKNYIRILTGDKVTVELTPYDLSKGRIVFRSR	0.8025	1
MAKPDNIEMQGTVLETLPNTMFRVELENGHVVTAHISGKMRKNYIRILTGDKVTVELTPYDLSKGRIVFRSR	0.893	1
MAKEDNIEMQGTVLETLPNTMFRVELENGHVVTAHISGKMRKNYIRILTGDKVTVELTPYFLSKGRIVFRSR	0.934	1
MAKESNIEMQGTVLETLPNTMFRVELENGHVVTAHISGKMRKNYIRILTGDKVTVELTPYDLSKGRIVFRSR	1.023666667	1
MAKEDNIEMQGTVLETLPNTMFNVELENGHVVTAHISGKMRKNYIRILTGDKVTVELTPYDLSKGRIVFRSR	0.903	1
MAKEDNIEMQGTVLETLPNTMFRVELENGHVVTAHISGKMRKNYIRILTLDKVTVELTPYDLSKGRIVFRSR	0.8775	1
MAKEDNIEMQGTVLETLPNTMFRVELENGHVVTAHISGKMRKNYIRILTGDKVTVELTPYDLSKGRISFRSR	0.956166667	1
MAKEDNIEMQGTVLETLPNTMFRVELENNHVVTAHISGKMRKNYIRILTGDKVTVELTPYDLSKGRIVFRSR	0.9985	1
MAKEDNIEPQGTVLETLPNTMFRVELENGHVVTAHISGKMRKNYIRILTGDKVTVELTPYDLSKGRIVFRSR	0.5405	0
MAKEDNIEMQGTVLETLPNTMFRVELENGHVVTAHIQGKMRKNYIRILTGDKVTVELTPYDLSKGRIVFRSR	0.7935	0
MAKEDNIEMQGVVLETLPNTMFRVELENGHVVTAHISGKMRKNYIRILTGDKVTVELTPYDLSKGRIVFRSR	0.95625	1
MAKEDNIEMQGTVLETLPNTMFRVELENGHVVTAHISGKMRKNYIRILTTDKVTVELTPYDLSKGRIVFRSR	0.8995	1
MAKEDNIEMQGTVLETLPNTMFRVELENGHVVTAHISGWMRKNYIRILTGDKVTVELTPYDLSKGRIVFRSR	0.5660000000000001	0
MAKEDNIEMQGTVLETLPNTMFFVELENGHVVTAHISGKMRKNYIRILTGDKVTVELTPYDLSKGRIVFRSR	0.9785	1
MAKEDNIEMQGTVLETLPNTMFRVELENGHSVTAHISGKMRKNYIRILTGDKVTVELTPYDLSKGRIVFRSR	1.009166667	1
MAKEDNIEMQGTVLETEPNTMFRVELENGHVVTAHISGKMRKNYIRILTGDKVTVELTPYDLSKGRIVFRSR	0.9775	1
MAKEDNIEMNGTVLETLPNTMFRVELENGHVVTAHISGKMRKNYIRILTGDKVTVELTPYDLSKGRIVFRSR	0.943	1
MAKEDNIEMQGTVLETLPNTMFRVELENGHVVTAHISGKMRKNYIRILTGDKVTVELTPYDLSKGRIVFRSN	0.8909999999999999	1
MAKEDNIEMQGTVLETLPVTMFRVELENGHVVTAHISGKMRKNYIRILTGDKVTVELTPYDLSKGRIVFRSR	1.007	1
MAKEDNIEMQGTVLETLPNTMFRVELENGHVVTAHISGKMRKKYIRILTGDKVTVELTPYDLSKGRIVFRSR	0.9085	1
MAKEDNIEMQGTVLETLPNTMFRVELENGHVVTAHISGKMRKNYIRILTGDKVTVRLTPYDLSKGRIVFRSR	0.963666667	1
MAQEDNIEMQGTVLETLPNTMFRVELENGHVVTAHISGKMRKNYIRILTGDKVTVELTPYDLSKGRIVFRSR	0.981	1
MAKEDNIEMQGTVLETLPNHMFRVELENGHVVTAHISGKMRKNYIRILTGDKVTVELTPYDLSKGRIVFRSR	0.9695	1
MAKEDNIEMQGTELETLPNTMFRVELENGHVVTAHISGKMRKNYIRILTGDKVTVELTPYDLSKGRIVFRSR	-0.105	0
MAKEDNIEMQGTVLETLPNTMFRVELENGHVVTAHISGKMRKNYIRILTGDKVTVELTPYDLSKGRIVFRSE	0.8435	1
MAKEDNIEMQGTVLETLPNTMFRVELENGHVVTAHISGKMRKIYIRILTGDKVTVELTPYDLSKGRIVFRSR	0.6436666670000001	0
MAKEDNIEMQGTVLETLPNTMFRVELENGHVVTAHISGKMRKNTIRILTGDKVTVELTPYDLSKGRIVFRSR	0.8715	1
MAKEDNIEMQGTVLETLPNTMFRVELENGHVVTAHISGKMRKNYIRILTGQKVTVELTPYDLSKGRIVFRSR	0.6995	0
MAKEDNIEMQGTVLETLPNTMFRVELENGHHVTAHISGKMRKNYIRILTGDKVTVELTPYDLSKGRIVFRSR	1.0085	1
MAKEDNIEMQGTVLETLPNTMFRVELENGHVVTAHHSGKMRKNYIRILTGDKVTVELTPYDLSKGRIVFRSR	0.6745	0
MASEDNIEMQGTVLETLPNTMFRVELENGHVVTAHISGKMRKNYIRILTGDKVTVELTPYDLSKGRIVFRSR	0.480833333	0
MAKEDNIEMQGTVLETLPNTMFRVELENGHVVTAHISGSMRKNYIRILTGDKVTVELTPYDLSKGRIVFRSR	0.871833333	1
MAKEDNIEMQGTVLETLPNTMFRVELENGHVVTAHISGKMRKNYIKILTGDKVTVELTPYDLSKGRIVFRSR	0.893	1
MAKERNIEMQGTVLETLPNTMFRVELENGHVVTAHISGKMRKNYIRILTGDKVTVELTPYDLSKGRIVFRSR	0.8490000000000001	1
MAKEDNIEMQGTWLETLPNTMFRVELENGHVVTAHISGKMRKNYIRILTGDKVTVELTPYDLSKGRIVFRSR	-0.038	0
MAKEDNIEMQGTVLETLPNTMFRVELENGHVVTAHISGKMRKNYIRILTGDKVTVELTPYDLSKGRIVFNSR	0.755	0
MAKEDNIEMQGTVLETLPNTMFRVELENGHVVTAHISGKMRKNYIRILTGDKVTVELTPYDLSKGRIVFRSW	0.924	1
MAKEDNIEMQGTVLETLPNTMFRVELENGHVVTAAISGKMRKNYIRILTGDKVTVELTPYDLSKGRIVFRSR	0.9735	1
MAKEDNIEMQGTVLETLPNTMFDVELENGHVVTAHISGKMRKNYIRILTGDKVTVELTPYDLSKGRIVFRSR	0.966	1
MAKEDNIEMQGTVLETLPNTMFRVELENGHVVTAHISGKMRKNYIRILTGDKVTVELTPYDLSKGMIVFRSR	0.784	0
MAKEDNIEMQGTVLETLPNTMFRVELENGHVITAHISGKMRKNYIRILTGDKVTVELTPYDLSKGRIVFRSR	1.003333333	1
MAKEDNIEMQGTVLETLPNTMFRVELENGHVVTAHISGKMRKNYIRILTGDKVTVELTPYSLSKGRIVFRSR	0.962166667	1
MAKEDNIEMQGFVLETLPNTMFRVELENGHVVTAHISGKMRKNYIRILTGDKVTVELTPYDLSKGRIVFRSR	0.982	1
MAKEDNIEMQGTVLETLPNRMFRVELENGHVVTAHISGKMRKNYIRILTGDKVTVELTPYDLSKGRIVFRSR	0.976166667	1
MAKEDNIEMQGTVLETLPNAMFRVELENGHVVTAHISGKMRKNYIRILTGDKVTVELTPYDLSKGRIVFRSR	0.972	1
MAKEDNIEMQGTVLETLPNTMFRVELENGHVLTAHISGKMRKNYIRILTGDKVTVELTPYDLSKGRIVFRSR	1.013666667	1
MSKEDNIEMQGTVLETLPNTMFRVELENGHVVTAHISGKMRKNYIRILTGDKVTVELTPYDLSKGRIVFRSR	1.009166667	1
MAKEDNIEMQGTVLETLPNTMFRVELENGHVVTAHISGKMRKNYVRILTGDKVTVELTPYDLSKGRIVFRSR	0.80525	1
MAKEDNIEMQGTVLETLPNTMFRVELENGHRVTAHISGKMRKNYIRILTGDKVTVELTPYDLSKGRIVFRSR	1.011166667	1
MAKEDNIEMQGTVLETLPNTMIRVELENGHVVTAHISGKMRKNYIRILTGDKVTVELTPYDLSKGRIVFRSR	0.853666667	1
MAKEDNIEMQGTVLETLPNTMFRVELENGHVVTAHISGKMRKNYTRILTGDKVTVELTPYDLSKGRIVFRSR	0.7505	0
MAKEDNIEMQGTVLETLPNTMFRVELENGHVVTAHISGKMRKNYIRILTGDKVTVELTPYDLSKKRIVFRSR	-0.115	0
MAKEDNIEMQGTVLETLPNTMFRVELENGHVVTAHISGKMFKNYIRILTGDKVTVELTPYDLSKGRIVFRSR	0.914	1
MAKEDTIEMQGTVLETLPNTMFRVELENGHVVTAHISGKMRKNYIRILTGDKVTVELTPYDLSKGRIVFRSR	1.003	1
MAKEDNIEMQGTVLETLPNTMFRVELENGHVVTAHISGKMRKYYIRILTGDKVTVELTPYDLSKGRIVFRSR	0.992	1
MAKEDNIEMQGTVYETLPNTMFRVELENGHVVTAHISGKMRKNYIRILTGDKVTVELTPYDLSKGRIVFRSR	0.9485	1
MAKEDNIEMQGTVLETLPNTMFRVELENGHVVTAHISGKMRKNYIRILTGDKVTVELTPYDLSKGRIVFRSQ	0.925	1
MAKEDNIEMQGTVLETLPDTMFRVELENGHVVTAHISGKMRKNYIRILTGDKVTVELTPYDLSKGRIVFRSR	0.99	1
MAKEDNIEMQGTVLETLPNWMFRVELENGHVVTAHISGKMRKNYIRILTGDKVTVELTPYDLSKGRIVFRSR	0.913	1
MAKEDNIEVQGTVLETLPNTMFRVELENGHVVTAHISGKMRKNYIRILTGDKVTVELTPYDLSKGRIVFRSR	0.649	0
MAKEDNIEMQGTVLETLPNTMFRVELENGHVVTSHISGKMRKNYIRILTGDKVTVELTPYDLSKGRIVFRSR	1.006833333	1
MAKEDNIEMQGTVLETLPNTMFRVELENGHVVTAHISGKMRKNYIRILTGDKVTVELTPYDLSKGRIAFRSR	0.92825	1
MAKEDNIEMQGTVLETLPNTMFRVELENGHVSTAHISGKMRKNYIRILTGDKVTVELTPYDLSKGRIVFRSR	0.9545	1
MAKEDNIEMQGTVLETLPNTMFRVELENGHVVTAHISGKMRKNYIRILTGDKVTVELTPYDLSKGRIVFTSR	0.56675	0
MAKEDNIEMQGTVLETLPNTMFRVELENGHVVTAHITGKMRKNYIRILTGDKVTVELTPYDLSKGRIVFRSR	0.929	1
MAKEDNIEMQGTVLETLPNTMFRVELENGHVVTAHISGAMRKNYIRILTGDKVTVELTPYDLSKGRIVFRSR	0.867	1
MAKEDNIEMQGTVLETLPNTMFRVELENGHVVTAHISGKMRKNYIRILTGDKVTVELTPYDLSKGEIVFRSR	0.003	0
MAKEDNIEMQGTVLETLPSTMFRVELENGHVVTAHISGKMRKNYIRILTGDKVTVELTPYDLSKGRIVFRSR	0.995666667	1
MAKEDNIEMQGTVLKTLPNTMFRVELENGHVVTAHISGKMRKNYIRILTGDKVTVELTPYDLSKGRIVFRSR	0.7635	0
MAKEDNIEMQGTVLETLPNTMFRVELENGHVVTAHISGKMRKNYIRILTGDKVTVELTPYDLSKGRICFRSR	0.9665	1
MAKEDNIEMQGTVLETLPNTMFRVELENGHVVTAHISGKMRKNYIRILTGDKVTVELTYYDLSKGRIVFRSR	0.9395	1
MAKEDNIEMQGTVLETLPNTMFRVELENGHVVTAHISGKMRKNYIRILTGDKVTVSLTPYDLSKGRIVFRSR	0.963	1
MAKKDNIEMQGTVLETLPNTMFRVELENGHVVTAHISGKMRKNYIRILTGDKVTVELTPYDLSKGRIVFRSR	0.9915	1
MAKEDNIEMQGTVLEDLPNTMFRVELENGHVVTAHISGKMRKNYIRILTGDKVTVELTPYDLSKGRIVFRSR	0.98	1
MAKEDNIEMQGTVLETLPNTMFRVELEAGHVVTAHISGKMRKNYIRILTGDKVTVELTPYDLSKGRIVFRSR	0.8705	1
MAKEDNIEMQGTVLYTLPNTMFRVELENGHVVTAHISGKMRKNYIRILTGDKVTVELTPYDLSKGRIVFRSR	0.982	1
MAKEDNIEMQGTVLETLPNTFFRVELENGHVVTAHISGKMRKNYIRILTGDKVTVELTPYDLSKGRIVFRSR	0.9775	1
MAHEDNIEMQGTVLETLPNTMFRVELENGHVVTAHISGKMRKNYIRILTGDKVTVELTPYDLSKGRIVFRSR	0.721	0
MAKEDNIEMQGTVLETLPNTMFRVELENGHVVTAHISGKMAKNYIRILTGDKVTVELTPYDLSKGRIVFRSR	0.84275	1
MAKEDNIEMQGTVLETLPNTMFRVELENGHVVTAHISGKMRKNYIRILTGDKVTVELTPHDLSKGRIVFRSR	0.964	1
MAKEDNIEMQGTVLETLPNTMFRVELENGHVVTAHISGKMRKNYIRILTKDKVTVELTPYDLSKGRIVFRSR	0.897	1
MAKEDNIEMQGTVLETLPNTMFRVELENGHVVTAHISPKMRKNYIRILTGDKVTVELTPYDLSKGRIVFRSR	0.30725	0
MAKEDNIEMQGTVLEELPNTMFRVELENGHVVTAHISGKMRKNYIRILTGDKVTVELTPYDLSKGRIVFRSR	0.9285	1
MAKEDNIEMQGTVLETLPNTMFRVEIENGHVVTAHISGKMRKNYIRILTGDKVTVELTPYDLSKGRIVFRSR	0.6990000000000001	0
MAKEDNIEMQGTVLETLPNTMFRVELENGHVVTAIISGKMRKNYIRILTGDKVTVELTPYDLSKGRIVFRSR	0.987333333	1
MAKEDNIEMQGTVLETLPNTMFRVELENGHVVTAHISGKMRKNYIRILTGDKVTVELTPYDISKGRIVFRSR	0.972666667	1
MAKEDNIEMQGTVLETLPNTMFRVELENGHVVTAHISGKMRKNYIRILTGDKVTVELTPYDLSKPRIVFRSR	0.34525	0
MAKEDNIEMQGTVLETLPNTMFRVELENGHVVTAHISGKMRKNYIRILTGDKVTVELTPYDLSKHRIVFRSR	0.0435	0
MAKEDNIEMQGTVLETLPNTMFRVELENGHVVTAHISGKMRKNHIRILTGDKVTVELTPYDLSKGRIVFRSR	0.961	1
MAKEDNIEMQGTVLETLPNTMFRVELENGHVVTAHISGKGRKNYIRILTGDKVTVELTPYDLSKGRIVFRSR	0.34225	0
MAKEDNIEMQGTVLETLPNTMFRVELENGHDVTAHISGKMRKNYIRILTGDKVTVELTPYDLSKGRIVFRSR	1.005	1
MAKEDNIEMQGTVLETLPNTMFRVELENGHVVTAHISGLMRKNYIRILTGDKVTVELTPYDLSKGRIVFRSR	0.8745	1
MAKEDNIEMQGTVLETLPNTMFRVELENGHVVTAHLSGKMRKNYIRILTGDKVTVELTPYDLSKGRIVFRSR	1.003333333	1
MAKEDNIEMQGTVLETLPNTMFRVELENGHVVTAHISGKMRKNYIRILTGDKVTVELTPYDLSKGDIVFRSR	0.035	0
MAKEDNIEMQGTVLETLPNTMFRVELENGHVVTAHISGKMRKWYIRILTGDKVTVELTPYDLSKGRIVFRSR	0.899	1
MAKEDNIEMQGTVLETIPNTMFRVELENGHVVTAHISGKMRKNYIRILTGDKVTVELTPYDLSKGRIVFRSR	1.007666667	1
MAKEDNIEMQGTVLETLPNTMFRVELENGHVVTAHISGKMRKNYIRILTGDKYTVELTPYDLSKGRIVFRSR	0.165	0
MAKEDNIEMQGTVLETLPNTMFRVELENGHVVTAHISGKMRKNYIRILTCDKVTVELTPYDLSKGRIVFRSR	0.89	1
MAKEDNIEMQGTVLETLPPTMFRVELENGHVVTAHISGKMRKNYIRILTGDKVTVELTPYDLSKGRIVFRSR	0.70075	0
MAKEDNIEMQGTVLETLPNTMFRVELENGHVVTAHISGKMRKFYIRILTGDKVTVELTPYDLSKGRIVFRSR	0.9675	1
MAKEDNIEMQGTVLETHPNTMFRVELENGHVVTAHISGKMRKNYIRILTGDKVTVELTPYDLSKGRIVFRSR	0.9835	1
MAKEDNIEMQGTVLETLPNTMFRVELENGHVVTAHISGKMRKNYIRILTGDKVTVELTPYDLSKGHIVFRSR	0.2165	0
MAKEDNIEMQGTVLETLPNTMFRVELENGHVVTAHISGKMRKNYIRILTGDCVTVELTPYDLSKGRIVFRSR	0.9615	1
MAKEDNIEMQGTVLETLPNPMFRVELENGHVVTAHISGKMRKNYIRILTGDKVTVELTPYDLSKGRIVFRSR	0.94975	1
MAKEDNIEMQGTVLETLPNTMFRVELENGHVYTAHISGKMRKNYIRILTGDKVTVELTPYDLSKGRIVFRSR	0.94	1
MAKEDNIEMQGTVLETLPNTMFRVELENGHVVTAHISGKMRTNYIRILTGDKVTVELTPYDLSKGRIVFRSR	0.8965	1
MAKEDNIEMQGTVLETLPNTMFRVELENWHVVTAHISGKMRKNYIRILTGDKVTVELTPYDLSKGRIVFRSR	1.001	1
MAKEDNIEMQGTVLETLPNTMFRVELENGHVVTAHISGKMRKNYIRILTGDKVTVELTPYDLSKGRQVFRSR	0.1055	0
MAKEDNIEMQGTVLETLPNTMFRVELENGHVVTAHISGKMRKNYIRILTGDKVTVELTPYDLSKYRIVFRSR	0.124	0
MAKEDNIEMQGTVLETLPNTMFRVELENGHVVTAHISGKMRKNYIRILTGDKVTVELTPYDVSKGRIVFRSR	0.9695	1
MAKEDNIEMQGTVLETLPNTMFRVELENGHVVTAHISGKMRKNYIRILTGDKVTVELTPYDLSKGRIVFRSS	0.923333333	1
MAKEDNIEMQGTVPETLPNTMFRVELENGHVVTAHISGKMRKNYIRILTGDKVTVELTPYDLSKGRIVFRSR	0.045	0
MAKEDNIEMQGTVLETLPNTMFRVELENGHVVTAHISTKMRKNYIRILTGDKVTVELTPYDLSKGRIVFRSR	0.503	0
MAKEDNIEMQGTVLETLPNTMFRVELENGHVVTAHISGKMRKNYIRILTGDKVTVELTPYDLSKGRIVFRQR	0.971	1
MAKEDNIEMQGTVLETLPNTMFRVELENGHVVTAHISGKMRKNYIRILTGDKVTVEWTPYDLSKGRIVFRSR	0.957	1
MAKEDNIEMQGTVLETLPNTMFRVELENGHNVTAHISGKMRKNYIRILTGDKVTVELTPYDLSKGRIVFRSR	1.015	1
MAKEDNIEMQGTVLETLPNTMFRVELENGHVVTAHISGKMRKNYIQILTGDKVTVELTPYDLSKGRIVFRSR	0.738	0
MAKEDNIEMQGTVLETLPNTMFRVELENGHVVTAHISGKMRKNYIRILTGDKVTMELTPYDLSKGRIVFRSR	0.958	1
MAKEDNIEMQGTVLETLPNTMFRVELENGHVVTAHISGKMGKNYIRILTGDKVTVELTPYDLSKGRIVFRSR	0.6675	0
MAKMDNIEMQGTVLETLPNTMFRVELENGHVVTAHISGKMRKNYIRILTGDKVTVELTPYDLSKGRIVFRSR	1.008	1
MAKEDNIEMQGTVLETLPNTMFRVEWENGHVVTAHISGKMRKNYIRILTGDKVTVELTPYDLSKGRIVFRSR	0.429	0
MAKEDNIEMQGTVLETLPNTMFRVELENGHVVTAHISGKMRKNYIRILTGDKVTVELTPYDLSKGIIVFRSR	0.888	1
MAKEDNIEMQGTVLETLPNTMFRVELENGHVVTAHISGKMRKNYIRILRGDKVTVELTPYDLSKGRIVFRSR	0.930166667	1
MAKEDNIEMQGTMLETLPNTMFRVELENGHVVTAHISGKMRKNYIRILTGDKVTVELTPYDLSKGRIVFRSR	0.792	0
MAKEDNIEMQGTVLETLPNTMFRVELENGHVVTAHISGKMRKNYIRILTGDKVTVELTPFDLSKGRIVFRSR	0.942	1
MAKEDNIEMQGTVLETLPNTMFRVELENGHVVTAHISGKMRKNYIRILTGDKVFVELTPYDLSKGRIVFRSR	0.955	1
MAKADNIEMQGTVLETLPNTMFRVELENGHVVTAHISGKMRKNYIRILTGDKVTVELTPYDLSKGRIVFRSR	0.853	1
MAKEDNIEMQGTVLETLPNTMFMVELENGHVVTAHISGKMRKNYIRILTGDKVTVELTPYDLSKGRIVFRSR	0.989	1
MAKEDNIEMQGTVLETLPNTMFRVELENGHVVTCHISGKMRKNYIRILTGDKVTVELTPYDLSKGRIVFRSR	1.001	1
MGKEDNIEMQGTVLETLPNTMFRVELENGHVVTAHISGKMRKNYIRILTGDKVTVELTPYDLSKGRIVFRSR	0.7170000000000001	0
MAKEDLIEMQGTVLETLPNTMFRVELENGHVVTAHISGKMRKNYIRILTGDKVTVELTPYDLSKGRIVFRSR	1.004333333	1
MAKEDNIEMQGTQLETLPNTMFRVELENGHVVTAHISGKMRKNYIRILTGDKVTVELTPYDLSKGRIVFRSR	-0.0205	0
MAKEDNIEMQGTVLETLPNTMFRVELENGHVVTAHISGKMRKNYIRILTGDKVTVELTWYDLSKGRIVFRSR	0.95	1
MAKEDNIEMQGTVLETLPNTMFRVELENGHVETAHISGKMRKNYIRILTGDKVTVELTPYDLSKGRIVFRSR	0.253	0
MAKEDNIEMQGTVLETLPNTMFRVELENGHVVTAHISGKMRKNYIRILTGDKVTVELWPYDLSKGRIVFRSR	0.916	1
MAKEDNIEMQGTVLETLPNTMFRVELENGHVVTAHISGKMRKNYIFILTGDKVTVELTPYDLSKGRIVFRSR	0.6629999999999999	0
MAKEDNIEMQGTVLETLPNTMFHVELENGHVVTAHISGKMRKNYIRILTGDKVTVELTPYDLSKGRIVFRSR	0.9865	1
MAKEDNIEMQGTVLETLPNTMFRIELENGHVVTAHISGKMRKNYIRILTGDKVTVELTPYDLSKGRIVFRSR	0.990666667	1
MAKEDNIEMQGTVLETLPNTMFRVELENGHVVTAHISGKMRKNYIRIWTGDKVTVELTPYDLSKGRIVFRSR	0.917	1
MAKEDNIEMQGTVLETLPNTMFRVELENGHVVTAHYSGKMRKNYIRILTGDKVTVELTPYDLSKGRIVFRSR	0.454	0
MAKEDNIEMQGTVLETLPNTMFRVELENGHVVTAHISGKMRKNYIRILTGTKVTVELTPYDLSKGRIVFRSR	0.6335	0
MAKEDNIEMQGTVLETLPNTMFRVELENAHVVTAHISGKMRKNYIRILTGDKVTVELTPYDLSKGRIVFRSR	0.9905	1
MAKEDNIEMQGTVLETLPNTMFRVERENGHVVTAHISGKMRKNYIRILTGDKVTVELTPYDLSKGRIVFRSR	0.582833333	0
MAKEDNIEMQGTVLETLPNTMFRVELENGHVVTAHISGKTRKNYIRILTGDKVTVELTPYDLSKGRIVFRSR	0.79575	0
MAKEDNIEMQGTVLETLPNTMFRVELENGHVVTAHISGKMRKNYIRILTGDKVTVELTPYDLSKGRIVTRSR	0.86475	1
MAKEDNIEMQGTVLETLPNTMFRVELENGHVVTAHISGKMRKNYIRILTGDKVTVELTPYCLSKGRIVFRSR	0.9535	1
MAKENNIEMQGTVLETLPNTMFRVELENGHVVTAHISGKMRKNYIRILTGDKVTVELTPYDLSKGRIVFRSR	1.0465	1
MAKEDNIEMQGTVLETLPNTMFRVELENGHVVTAHISGKMRKNYIRILTGDKVTVELTMYDLSKGRIVFRSR	0.977	1
MAKEDNIEMQGTVLETLPNTMFRVELENGHVVTAHISGKMRKNYIRILTGDKVTVELCPYDLSKGRIVFRSR	0.758	0
MAKEDNIEMQGTVLETLPNTMFRVELENGHVVTAHISGKMRKNYIRILTGDKVTVEMTPYDLSKGRIVFRSR	0.968	1
MAKEDNIEMQGTVLETLPNTMFRVELENGHVVTAHISGKMRKNYIRILTGDKVVVELTPYDLSKGRIVFRSR	0.97075	1
MAKEDNIEMQGTVLETLPNTMFRVELENGHVVTAHISGKMRKNYIRILTGDKVTVELTPYDLSKGRIVLRSR	0.909833333	1
MAKEDNIEMQGTVLETLPNTMFRVELENGHVVTAHISGKMRKNYIRILTGDKVTVELTPYDNSKGRIVFRSR	0.941	1
MAKEDNIEMQGTVLETLPNTMFRVELENGHVVTAHISGKMRANYIRILTGDKVTVELTPYDLSKGRIVFRSR	0.91525	1
MAKEDNIEMQGTVLETLPNTMFRVELENGHVVTAHISGKMRKNLIRILTGDKVTVELTPYDLSKGRIVFRSR	0.920833333	1
MAKEDNIEMQGTVLETLPNTMFRVVLENGHVVTAHISGKMRKNYIRILTGDKVTVELTPYDLSKGRIVFRSR	0.9935	1
MAKEDNIEMQGTVLNTLPNTMFRVELENGHVVTAHISGKMRKNYIRILTGDKVTVELTPYDLSKGRIVFRSR	0.9625	1
MAKEDNIEMQGTVLETLPNTMFRVELENGHVVTAHISGKMRKRYIRILTGDKVTVELTPYDLSKGRIVFRSR	0.862166667	1
MAKEDNIEMQGTVLETLPNTMFRVELENGHVVTAHISGKMRKNYIRCLTGDKVTVELTPYDLSKGRIVFRSR	0.96	1
MAKEDNIEMQGTVLETLPNTMFRVELENGHVVTAHISGKMRKNYIRILTGDKNTVELTPYDLSKGRIVFRSR	0.188	0
MAKEDNIEMQGTVLETLPNTMFRVELWNGHVVTAHISGKMRKNYIRILTGDKVTVELTPYDLSKGRIVFRSR	0.7759999999999999	0
MAKEDNIEMQGTVLETLPNTMFRVELENGHVVTAHISGKMRKNYIRILTGDKVTVELTPYDLSKGRIVFDSR	0.2985	0
MAKEDNIEMQGTVLETLPNTMFRVEKENGHVVTAHISGKMRKNYIRILTGDKVTVELTPYDLSKGRIVFRSR	0.56	0
MAKEDNIEMQGTVLETLPNTMFRVELENGHVVTAHISGKMRKNYIRILTGDKVTVELTPMDLSKGRIVFRSR	0.95	1
MAKEDNIEMQGTVLETLPNTMFRVELENGHVVTAHISGKMRKNYIRILTGDKVTVELTPYDLVKGRIVFRSR	0.78575	0
MAKEDNIEMQDTVLETLPNTMFRVELENGHVVTAHISGKMRKNYIRILTGDKVTVELTPYDLSKGRIVFRSR	-0.2435	0
MAKEDNIEMQGTVLETLPNTMFRVELENGHVVTAHISGKMRKNYIRIITGDKVTVELTPYDLSKGRIVFRSR	0.897	1
MAKEDNIEMQGTVLETLPNTMFRVELENGHVVTAHISGKMRKNYIRILTGDKVTVELTPYDLSKGRIVFRSK	0.918	1
MAKEDNIEMQGTVLETLPNTMFRVELENGHVVTAHISGKMRKNYIAILTGDKVTVELTPYDLSKGRIVFRSR	0.75725	0
MAKEDNIEMQGTVLETLPNTMFRVELENGHVVTAHISGKMRKNYIRILTGDKVTVELTPYTLSKGRIVFRSR	0.96575	1
MAKEDNIEMQKTVLETLPNTMFRVELENGHVVTAHISGKMRKNYIRILTGDKVTVELTPYDLSKGRIVFRSR	-0.094	0
MAKEDNIEMQGTVLETLPNTMFRVELENGHVVTAHISGKMRKNYIRILTGDKVTVEITPYDLSKGRIVFRSR	0.938333333	1
MAKEDNIEMQGTVLETLPNTMFRVELENGHVVTAHISGKMRKNYIRILTGDKVTVELTPYDLSKGRIVWRSR	0.879	1
MAKEDNIEMQGTVLETLPNTMFRVELENGHVVTMHISGKMRKNYIRILTGDKVTVELTPYDLSKGRIVFRSR	0.8220000000000001	1
MAKEDNIEMQGTVLETLPNTMFVVELENGHVVTAHISGKMRKNYIRILTGDKVTVELTPYDLSKGRIVFRSR	0.9905	1
MAKEDNIEMQGTVLETLPNTMFRVELENGHVVTAHISGKMRKNNIRILTGDKVTVELTPYDLSKGRIVFRSR	1.0045	1
MAKEDNIEMQGTVLETLPNTMFRVELENGHVVTAHISGKMVKNYIRILTGDKVTVELTPYDLSKGRIVFRSR	0.907	1
MAKEDNIEMQGTVLETLPNTMFRVELENGHVVTAHISGKMRKNYIRILTGDKVTVELTPYDLSKVRIVFRSR	0.93425	1
MAKEDNIEMQGTVLETLPNTMFRNELENGHVVTAHISGKMRKNYIRILTGDKVTVELTPYDLSKGRIVFRSR	0.0065	0
MAKHDNIEMQGTVLETLPNTMFRVELENGHVVTAHISGKMRKNYIRILTGDKVTVELTPYDLSKGRIVFRSR	0.989	1
MAKEDNIEMQGTVLETLPNTMFRVELENGHVVTAHKSGKMRKNYIRILTGDKVTVELTPYDLSKGRIVFRSR	0.9745	1
MAKEDNIEMQGTVLETLPNTMFRVELENGHVVTAHISGKMRKNYIRILTGDKVTTELTPYDLSKGRIVFRSR	0.982	1
MAKEDNIEMQGTVLETLPNTMFRVELENGHVWTAHISGKMRKNYIRILTGDKVTVELTPYDLSKGRIVFRSR	0.386	0
MAKEDNIEMQGTVLETLPNTMFRVELENGHVVTAHISGKMRKNYIRILTGDKVTVELTPYDLSKGRFVFRSR	0.5385	0
MAKEDNIEMQGTVLETLPNTMFRVFLENGHVVTAHISGKMRKNYIRILTGDKVTVELTPYDLSKGRIVFRSR	0.9945	1
MAKEDNIEMQGTVLETLPNTMFRVELENGHVVMAHISGKMRKNYIRILTGDKVTVELTPYDLSKGRIVFRSR	0.998	1
MAKEDNIEMQGTVLETLPNTMFRVELENGHAVTAHISGKMRKNYIRILTGDKVTVELTPYDLSKGRIVFRSR	1.01325	1
MAKEHNIEMQGTVLETLPNTMFRVELENGHVVTAHISGKMRKNYIRILTGDKVTVELTPYDLSKGRIVFRSR	1.0125	1
MAKEDNWEMQGTVLETLPNTMFRVELENGHVVTAHISGKMRKNYIRILTGDKVTVELTPYDLSKGRIVFRSR	0.964	1
MAKEDNIEMQGTVLETLPNTMFRVELENGHVVTAHISGKMRKNYIRILTGDKVTVELTPYDLSKGRIVFPSR	0.10975	0
MAKEDNIEMQGTVLETLPNTMFRVELENGHVVTAHISGKMRKNYIRILKGDKVTVELTPYDLSKGRIVFRSR	0.944	1
MAKEDNIEMQGTVLETLYNTMFRVELENGHVVTAHISGKMRKNYIRILTGDKVTVELTPYDLSKGRIVFRSR	1.004	1
MAKEDNIEMQGTVLETLKNTMFRVELENGHVVTAHISGKMRKNYIRILTGDKVTVELTPYDLSKGRIVFRSR	0.973	1
MAKEDNIEMQGTVLETLPNTMFRVELENGHVVTAHISGKMRKNYIRILTGDKVTVELTPYDLSKGRIVFRSG	0.96375	1
MAKEDNIEMQGTVLETLPNTMFRVELENGHVVTKHISGKMRKNYIRILTGDKVTVELTPYDLSKGRIVFRSR	-0.0685	0
MAKEDNIEMQGTVLETVPNTMFRVELENGHVVTAHISGKMRKNYIRILTGDKVTVELTPYDLSKGRIVFRSR	1.00475	1
MAKEDNIEMQGTVLETLPNTMFRVELENGHVVTAHISGKMRKNYIRILTRDKVTVELTPYDLSKGRIVFRSR	0.9025	1
MAKEDNIEMQGTVLETLPNTMFRVELENGWVVTAHISGKMRKNYIRILTGDKVTVELTPYDLSKGRIVFRSR	0.997	1
MAKEDNPEMQGTVLETLPNTMFRVELENGHVVTAHISGKMRKNYIRILTGDKVTVELTPYDLSKGRIVFRSR	0.79275	0
MAKEDNIEMQGTVLETLPNTMFRVELENGHVVTAHISGKMRKNYIRILTMDKVTVELTPYDLSKGRIVFRSR	0.893	1
MAKEDNIEMQGTVLETLPNTMFCVELENGHVVTAHISGKMRKNYIRILTGDKVTVELTPYDLSKGRIVFRSR	0.9955	1
MAKEDNIEMQGTVLETLPNTMFRVELENLHVVTAHISGKMRKNYIRILTGDKVTVELTPYDLSKGRIVFRSR	0.9985	1
MAKEDNIEMQGTVLETLPNTMFRVELENGHVVKAHISGKMRKNYIRILTGDKVTVELTPYDLSKGRIVFRSR	1.006	1
MAKEDNIEMQGTVFETLPNTMFRVELENGHVVTAHISGKMRKNYIRILTGDKVTVELTPYDLSKGRIVFRSR	0.948	1
MAKEDNIEMQGTVLETLPNTMFRVELENGHVVTAHISGKMNKNYIRILTGDKVTVELTPYDLSKGRIVFRSR	0.856	1
MAKEDNIEMQGTVLETLPNTMFRVEFENGHVVTAHISGKMRKNYIRILTGDKVTVELTPYDLSKGRIVFRSR	0.8405	1
MAKEDNIEMPGTVLETLPNTMFRVELENGHVVTAHISGKMRKNYIRILTGDKVTVELTPYDLSKGRIVFRSR	0.9205	1
MAKEDNIEMQGTVLETLPNTMFRVELENGHVVTAHISGKMRKNYIRILTGDKVTVELTPYDLSKGVIVFRSR	0.81475	1
MAKEDNIEMQGTVLETLPNTMFRVELENGHVVTAHISGKMRKNYIRILTGDKVTVELTPYDLQKGRIVFRSR	0.794	0
MAKEDNIEMQGTHLETLPNTMFRVELENGHVVTAHISGKMRKNYIRILTGDKVTVELTPYDLSKGRIVFRSR	-0.016	0
MAKEDNIEMQGTVLETLPNTMFRVELENGHVVTAHISGKMRKNYIRILTGDKVTVENTPYDLSKGRIVFRSR	0.8875	1
MAKEDNIEMQGTVLETLPNTMFRVELENGHVVTAHISGKMRKNYKRILTGDKVTVELTPYDLSKGRIVFRSR	0.74	0
MAKEDNIEMQGTVLETLPNTMFRVELENGHVVTAHISGKMRKNYIRILDGDKVTVELTPYDLSKGRIVFRSR	0.9025	1
MAKEDNIEMQGTVLETLPNTMFRVELENGHVVTAHISGKMRKNYIRILTGDKVTAELTPYDLSKGRIVFRSR	0.9915	1
MNKEDNIEMQGTVLETLPNTMFRVELENGHVVTAHISGKMRKNYIRILTGDKVTVELTPYDLSKGRIVFRSR	1.0545	1
MAKEDNIEMQGDVLETLPNTMFRVELENGHVVTAHISGKMRKNYIRILTGDKVTVELTPYDLSKGRIVFRSR	0.9625	1
MAKEDNIEMQGTVLETLINTMFRVELENGHVVTAHISGKMRKNYIRILTGDKVTVELTPYDLSKGRIVFRSR	0.997	1
MAKEDNIEMQGTFLETLPNTMFRVELENGHVVTAHISGKMRKNYIRILTGDKVTVELTPYDLSKGRIVFRSR	0.0445	0
MAKEDNIEMQGTVLEMLPNTMFRVELENGHVVTAHISGKMRKNYIRILTGDKVTVELTPYDLSKGRIVFRSR	1.025	1
MAKEDNIEMQGTVLETLPNTMFRVELENGHVVTAHISGKMRKNYIRILTGDKVTVELKPYDLSKGRIVFRSR	0.9045	1
MTKEDNIEMQGTVLETLPNTMFRVELENGHVVTAHISGKMRKNYIRILTGDKVTVELTPYDLSKGRIVFRSR	1.01075	1
MAKEDNIEMQGTVLETLPNTRFRVELENGHVVTAHISGKMRKNYIRILTGDKVTVELTPYDLSKGRIVFRSR	0.992333333	1
MAKEDNIEMQGPVLETLPNTMFRVELENGHVVTAHISGKMRKNYIRILTGDKVTVELTPYDLSKGRIVFRSR	0.68375	0
MAKEDNIEMQGTVLETLPNTMFRVELENGHVVTAHISGKMRKNYIRILVGDKVTVELTPYDLSKGRIVFRSR	0.916	1
MAKEDNIEMQGTVLETLPNTMFRVELENGHVVTAHISGKMRKNYIRILTGDKVTVELTPYDLSKGRIVMRSR	0.8370000000000001	1
MAKEDNIEMQGTVLETLPNKMFRVELENGHVVTAHISGKMRKNYIRILTGDKVTVELTPYDLSKGRIVFRSR	0.945	1
MAKEDNIEMQGTVLETLPNTMFRVELENGHVVTAHISGKMRKGYIRILTGDKVTVELTPYDLSKGRIVFRSR	0.847	1
MAKEDNIEMQGCVLETLPNTMFRVELENGHVVTAHISGKMRKNYIRILTGDKVTVELTPYDLSKGRIVFRSR	0.7385	0
MAKEDNIEMQGTVLETLPNTMFRVELENGHVVRAHISGKMRKNYIRILTGDKVTVELTPYDLSKGRIVFRSR	1.002	1
MAKEDNIEMQGTVLETLPNTMFRVELENGHVVTAHCSGKMRKNYIRILTGDKVTVELTPYDLSKGRIVFRSR	0.9985	1
MAKEDNIEMQGTVLETLPNTMFRVELENGHVVTAHISGKMRKNYIRILTGDGVTVELTPYDLSKGRIVFRSR	0.972	1
MAKWDNIEMQGTVLETLPNTMFRVELENGHVVTAHISGKMRKNYIRILTGDKVTVELTPYDLSKGRIVFRSR	0.6659999999999999	0
MAKEDNIEMQGTVLETLPNTMFRVELENGHVVTAHISGKMRKNYIRILTGDKVTQELTPYDLSKGRIVFRSR	0.3555	0
MAKEDNIEMQGTVLETLPNTMFRVRLENGHVVTAHISGKMRKNYIRILTGDKVTVELTPYDLSKGRIVFRSR	1.001666667	1
MAKEDNIEMQGTVLETLPNTMFRVELENGHVVTAHISGKMRKNYIRILTGDMVTVELTPYDLSKGRIVFRSR	0.979	1
MAKEDNIEMQGTVLETLPNTMFRVELENGHVVTAHISGKMRKNYIRILTGDKVTVELTPYDLDKGRIVFRSR	0.7875	0
MAKEDNIEMQGTVLETLPNTMFRVEEENGHVVTAHISGKMRKNYIRILTGDKVTVELTPYDLSKGRIVFRSR	0.616	0
MAKEDNIEMQGTVLETLPNTMFRVELENGHVVTAHISGKMRDNYIRILTGDKVTVELTPYDLSKGRIVFRSR	0.843	1
MAKEDNIEMQGTVLETLPNTMFRVELENGHVVTAHISGKMRKNYIRILTWDKVTVELTPYDLSKGRIVFRSR	0.882	1
MAKEDNIEMQGTVLETCPNTMFRVELENGHVVTAHISGKMRKNYIRILTGDKVTVELTPYDLSKGRIVFRSR	0.9735	1
MAKEDNIEMQGTVMETLPNTMFRVELENGHVVTAHISGKMRKNYIRILTGDKVTVELTPYDLSKGRIVFRSR	0.964	1
MAKEDNIEMQGTVLETLPNTMFRVELENGHVVTAHNSGKMRKNYIRILTGDKVTVELTPYDLSKGRIVFRSR	0.961	1
MAKEDNIEMQGTVLETLPNTMFRVELENGHVVTAHISGKMRKNYIRILTYDKVTVELTPYDLSKGRIVFRSR	0.8909999999999999	1
MAKEDNIEMQGTVLETLPNTMFRVELENGHVVTAHISGKMRKNYARILTGDKVTVELTPYDLSKGRIVFRSR	0.66975	0
MAKEDNIEMQMTVLETLPNTMFRVELENGHVVTAHISGKMRKNYIRILTGDKVTVELTPYDLSKGRIVFRSR	0.5479999999999999	0
MAPEDNIEMQGTVLETLPNTMFRVELENGHVVTAHISGKMRKNYIRILTGDKVTVELTPYDLSKGRIVFRSR	0.91575	1
MAKEDNIEMQGTVLETLPNTMFRVELENGHVVTAHISGKMRKNYIRILTGDKVTVELTPYDLSKGRIVQRSR	0.8515	1
MAKEDNAEMQGTVLETLPNTMFRVELENGHVVTAHISGKMRKNYIRILTGDKVTVELTPYDLSKGRIVFRSR	0.82275	1
MAKEDNIEEQGTVLETLPNTMFRVELENGHVVTAHISGKMRKNYIRILTGDKVTVELTPYDLSKGRIVFRSR	0.6205	0
MAKEDNIEMQGTVLETLPNTMFRVELENGHVVTAHISGKMRKNYIRILTGAKVTVELTPYDLSKGRIVFRSR	0.825	1
MAKEDNIEMQGTVLETLPNTMFRVELENIHVVTAHISGKMRKNYIRILTGDKVTVELTPYDLSKGRIVFRSR	0.970333333	1
MAKEDNIEMQGTVLFTLPNTMFRVELENGHVVTAHISGKMRKNYIRILTGDKVTVELTPYDLSKGRIVFRSR	0.9755	1
MAKEDNIEMQGTVLETLPNTMFRVELENGHVVTAHESGKMRKNYIRILTGDKVTVELTPYDLSKGRIVFRSR	0.9335	1
MAKEDNIEMQGTVLETLPNTMFRVELRNGHVVTAHISGKMRKNYIRILTGDKVTVELTPYDLSKGRIVFRSR	0.819666667	1
MAKEDNIEMQGTVLETLPNTMFRVELENGHVVTAHISMKMRKNYIRILTGDKVTVELTPYDLSKGRIVFRSR	0.625	0
MAKEDNIEMQGTVLETLPNTMFRVELENGHVVTAHISGKMRKNYIRILTEDKVTVELTPYDLSKGRIVFRSR	0.902	1
MAKEDNIEMQGTVLETLPNTMFRVELENHHVVTAHISGKMRKNYIRILTGDKVTVELTPYDLSKGRIVFRSR	1.0085	1
MAKEDNIEMQGTVLETLPNTMFRVELQNGHVVTAHISGKMRKNYIRILTGDKVTVELTPYDLSKGRIVFRSR	0.826	1
MAKEDNIEMQGTVLETLPNTMFRVELENGHVVTAHISGKMRKNYIRILTGDKVTVELTRYDLSKGRIVFRSR	0.943833333	1
MAKEDNIEMQGTVLETLPFTMFRVELENGHVVTAHISGKMRKNYIRILTGDKVTVELTPYDLSKGRIVFRSR	1.0025	1
MAKEDNIEMQGTVLETLPNTMFRVELENGHVVTAHISGKMRKNYIRILTGDKVPVELTPYDLSKGRIVFRSR	0.27675	0
MAKEDNIEMQGTVLETLPNTMFRVELENGHVVTAHISGKMRKNYIRILTGDKVTVEPTPYDLSKGRIVFRSR	0.9405	1
MAKEDNIEMQGTVLETLPNTMFRVELENGHVVTAHISGKMRKNYIRILTGDKVTVELPPYDLSKGRIVFRSR	0.82475	1
MAKEDNIEMQGTVLETLPNTMFRVELENGHVVTAHISGKMYKNYIRILTGDKVTVELTPYDLSKGRIVFRSR	0.9	1
MAKEDNIEMQGTVLETLPNTMFRVEDENGHVVTAHISGKMRKNYIRILTGDKVTVELTPYDLSKGRIVFRSR	0.68	0
MAKEDNIEMQGTVLETLPNTMFRVELENGHVVNAHISGKMRKNYIRILTGDKVTVELTPYDLSKGRIVFRSR	1.0095	1
MAKEDNIEMQGTVLETLPNTMFRVELEMGHVVTAHISGKMRKNYIRILTGDKVTVELTPYDLSKGRIVFRSR	0.8490000000000001	1
MAKEDNIEMQGTALETLPNTMFRVELENGHVVTAHISGKMRKNYIRILTGDKVTVELTPYDLSKGRIVFRSR	0.97	1
MAKEDNIEMQGTVLETLPNTMFRVELENGHVVTAHISGKMRKNKIRILTGDKVTVELTPYDLSKGRIVFRSR	1.0215	1
MAKEDNIEMQGTVLETLPNTMFRVELENGHVVTRHISGKMRKNYIRILTGDKVTVELTPYDLSKGRIVFRSR	0.0035	0
MAKEDNIEMQGTVLETLPNTMFRVELENGHVVTAHISGKFRKNYIRILTGDKVTVELTPYDLSKGRIVFRSR	0.358	0
MAKEDNIEMQGTVLETLPNTMFRVELENGHVVTAHISGKMRKNYIRILTGDKVTVELTPYDLSKGRIVGRSR	0.75275	0
MAKEDNIEMQGTVLETLPNTMPRVELENGHVVTAHISGKMRKNYIRILTGDKVTVELTPYDLSKGRIVFRSR	0.14825	0
MAKEDNIEMQGTVLETLPNTMFRVELENGHVVTAHISGTMRKNYIRILTGDKVTVELTPYDLSKGRIVFRSR	0.87075	1
MAYEDNIEMQGTVLETLPNTMFRVELENGHVVTAHISGKMRKNYIRILTGDKVTVELTPYDLSKGRIVFRSR	0.705	0
MAKEDNIEMQGTVLETLPNTMFRVELENGHTVTAHISGKMRKNYIRILTGDKVTVELTPYDLSKGRIVFRSR	1.00825	1
MAKEDNIEMQGTVLETLPNTMFRVELENGHVVTAHISGKMEKNYIRILTGDKVTVELTPYDLSKGRIVFRSR	0.765	0
MAKEDIIEMQGTVLETLPNTMFRVELENGHVVTAHISGKMRKNYIRILTGDKVTVELTPYDLSKGRIVFRSR	1.011333333	1
MAKEDNIEMQGTVLETLPNTMFRVELENGHVVTAHISGKMRKNYIRMLTGDKVTVELTPYDLSKGRIVFRSR	0.892	1
MAKEDNIEMQGTVLETLPNTMFRVELENGTVVTAHISGKMRKNYIRILTGDKVTVELTPYDLSKGRIVFRSR	0.9845	1
MAKEDNIEMQGTVLETLPNTMFRVELENGHVVTAHISGKMRKNEIRILTGDKVTVELTPYDLSKGRIVFRSR	0.728	0
MAKEDNIEMQGTVLETLPNTMFRVELENGHVVTAHISGKMRKNYIRILTGDKVTLELTPYDLSKGRIVFRSR	0.958	1
MAKEDNIEMQGTVLETLPNTMFRVELENGHVVTAHISGKMRKNYIRILTGDKATVELTPYDLSKGRIVFRSR	0.95875	1
MAKEDNIEMQGTVLETLPNTMFRVELENGHVVTAHISGKMRKNYIRILTGDKVTVELTPWDLSKGRIVFRSR	0.936	1
MAKEDNIEMQGTVLERLPNTMFRVELENGHVVTAHISGKMRKNYIRILTGDKVTVELTPYDLSKGRIVFRSR	0.997666667	1
MAKEDNIEMQGTVLETLPNTMFRVELENGHVVTAHISGKMRKNYIRILTGDKVTVELTPYDLSKGRIVFASR	0.65275	0
MAKEDNIEMQGTVLETLPNTMFRVELENGHVVFAHISGKMRKNYIRILTGDKVTVELTPYDLSKGRIVFRSR	0.9995	1
MAKEDNIEMQGTVLETLPNTMFRVELENGHVVTAHISGKMRKNYIRILTGDKLTVELTPYDLSKGRIVFRSR	0.952166667	1
MAKEDNIEMQGTVLETLPNTMFRVELEWGHVVTAHISGKMRKNYIRILTGDKVTVELTPYDLSKGRIVFRSR	0.736	0
MAKEDNIEMQGTVLETLPNTMFRVELENGHVVTAHISGKMRKNYIRILTGDKVTVELTDYDLSKGRIVFRSR	0.946	1
MAKEDNIEMYGTVLETLPNTMFRVELENGHVVTAHISGKMRKNYIRILTGDKVTVELTPYDLSKGRIVFRSR	0.9595	1
MAKEDNIEMQGTVLETLPNTMFRVELENGHVVTAHISGKMRKNYIRNLTGDKVTVELTPYDLSKGRIVFRSR	0.765	0
MAKEDNIEMQGTVLETLPHTMFRVELENGHVVTAHISGKMRKNYIRILTGDKVTVELTPYDLSKGRIVFRSR	1.0235	1
MAKEDNIEMQGQVLETLPNTMFRVELENGHVVTAHISGKMRKNYIRILTGDKVTVELTPYDLSKGRIVFRSR	0.9725	1
MAKEDNIEMQGTVLETLPNTMFRVELENGHVVTAHISGKMRKNYIRILTGDKVTVELTPYDLSKGRWVFRSR	-0.099	0
MAKEDNIFMQGTVLETLPNTMFRVELENGHVVTAHISGKMRKNYIRILTGDKVTVELTPYDLSKGRIVFRSR	0.8785	1
MAKEDNIEMQGTVLETLPNTMFRVELENGHVVTAHISGKMRKNYIRILTGDKVTVELMPYDLSKGRIVFRSR	0.848	1
MAKEDNIEMQGTVLETLPNTMFRVELENGHVVTAHISGKMRKNYIRIHTGDKVTVELTPYDLSKGRIVFRSR	0.925	1
MAKEDNIEMQGTVLETLPNTMFRPELENGHVVTAHISGKMRKNYIRILTGDKVTVELTPYDLSKGRIVFRSR	0.06975	0
MAKEDNIEMQGTVLETLPNMMFRVELENGHVVTAHISGKMRKNYIRILTGDKVTVELTPYDLSKGRIVFRSR	0.968	1
MAKEDNIEMQNTVLETLPNTMFRVELENGHVVTAHISGKMRKNYIRILTGDKVTVELTPYDLSKGRIVFRSR	0.0085	0
MAKEDNIEMQGTVLETLPNTMFRVELENGHVVTAHISGKMRKNYIRILTGIKVTVELTPYDLSKGRIVFRSR	0.426	0
MAKEDNIEMQGTVLETLPQTMFRVELENGHVVTAHISGKMRKNYIRILTGDKVTVELTPYDLSKGRIVFRSR	0.992	1
MAKEDNIEMQGTVLETLPNTMFRVELENGHVVTAHISGKMRKNYIRILTGDKVTVELTPYDLSKGRIVFRSA	0.95325	1
VAKEDNIEMQGTVLETLPNTMFRVELENGHVVTAHISGKMRKNYIRILTGDKVTVELTPYDLSKGRIVFRSR	0.21475	0
MAKEDNIAMQGTVLETLPNTMFRVELENGHVVTAHISGKMRKNYIRILTGDKVTVELTPYDLSKGRIVFRSR	0.77325	0
MAKEDNIEMQGTVLETLPNTMHRVELENGHVVTAHISGKMRKNYIRILTGDKVTVELTPYDLSKGRIVFRSR	0.8895	1
MAKEDNIEMQGTVLWTLPNTMFRVELENGHVVTAHISGKMRKNYIRILTGDKVTVELTPYDLSKGRIVFRSR	0.919	1
MAKEDNIEMQGTVLECLPNTMFRVELENGHVVTAHISGKMRKNYIRILTGDKVTVELTPYDLSKGRIVFRSR	0.9885	1
MAKEDNIEMQGTVLETLPNTMFRVELENGHVVTAHISGKMRKNYIRILTGDKVTVELTPYDLSKGRIVRRSR	0.933	1
MAKEDNIEMQGTVLEGLPNTMFRVELENGHVVTAHISGKMRKNYIRILTGDKVTVELTPYDLSKGRIVFRSR	0.982	1
MAKEDNIEMQGTVLETLPNTMFRVELENGHVVTAHISGKMRKNYIRILTGDKVTVELTPYDKSKGRIVFRSR	0.9535	1
MAKEDNIEMQGTVLETLPNTMFRVELENGHVVTAHISGKMRKNYIRFLTGDKVTVELTPYDLSKGRIVFRSR	0.4765	0
MAKEDNIEMQGTVLETLPNTMERVELENGHVVTAHISGKMRKNYIRILTGDKVTVELTPYDLSKGRIVFRSR	0.4255	0
MAKEDNIEMQGTVLETLPNTMFGVELENGHVVTAHISGKMRKNYIRILTGDKVTVELTPYDLSKGRIVFRSR	0.986	1
MAKEDNIEMQGTVLETLPNTMFRVDLENGHVVTAHISGKMRKNYIRILTGDKVTVELTPYDLSKGRIVFRSR	0.9825	1
MAKEDNIEMQGTVLETLPNTMFRVELENGHVVTAKISGKMRKNYIRILTGDKVTVELTPYDLSKGRIVFRSR	0.985	1
MAKEDNIEMQGTVLETLPNTMFRVELENGHVVTAHISGKMRKNYIRILTGDKVTVELTPYDLSCGRIVFRSR	0.6705	0
MAKEDNIEMQGTVLETLPNTMFQVELENGHVVTAHISGKMRKNYIRILTGDKVTVELTPYDLSKGRIVFRSR	0.9965	1
MAKEDNISMQGTVLETLPNTMFRVELENGHVVTAHISGKMRKNYIRILTGDKVTVELTPYDLSKGRIVFRSR	0.8796666670000001	1
MAKEDNIEMQGTVLETLPNTMFRVELENGHVVTAHISGKMRKNYIRILTGDLVTVELTPYDLSKGRIVFRSR	0.957333333	1
MAKEDNIEMQGTVLETLPNTMFRVELENGHVVTAHISGKMRKNYIRILTGDKVTVELTPYDCSKGRIVFRSR	0.962	1
MAKEDNIEMQGTVLETLPNTMFRVELENGHVVTAHISGKMRKNYIRILTGDKVTVELTPYDYSKGRIVFRSR	0.959	1
MAKEDNIEMQGTVLETLPNTMFRVELENGKVVTAHISGKMRKNYIRILTGDKVTVELTPYDLSKGRIVFRSR	0.9925	1
MAKEDNIEMQGTVLETLPNTMFRVELENGHVVTAHISGKMRKNYIRILTGNKVTVELTPYDLSKGRIVFRSR	0.8435	1
MAKEDNIEMQGTVLETLPNTMFRVELENGMVVTAHISGKMRKNYIRILTGDKVTVELTPYDLSKGRIVFRSR	1.001	1
MAKEDNIEHQGTVLETLPNTMFRVELENGHVVTAHISGKMRKNYIRILTGDKVTVELTPYDLSKGRIVFRSR	0.795	0
MAKEDNIEMQGTVLETLPNTMFRVELENGHVVTAHISGKMRKNYIRILTGDKVTVELTPYDLIKGRIVFRSR	0.805333333	1
MAKEDNIEMQGTVLETLPNTMFRVELENGHVVTAQISGKMRKNYIRILTGDKVTVELTPYDLSKGRIVFRSR	0.9895	1
MAKEDNIEMQGTVLETLPNTMFRVELENGHVVTAHISGKMRKNYIRIGTGDKVTVELTPYDLSKGRIVFRSR	0.89825	1
MAKEDNIEMQGTVLETLPNTMFRVELENGHVVTAHISGKMRKNYIRILTGDKVTVELTPYDLMKGRIVFRSR	0.794	0
MAKEDNIEMQGTVLETLPNTMFRVELENGHVVTAHISGKMRKNYIRILTGDKVTVETTPYDLSKGRIVFRSR	0.9435	1
MAKEDNIEMQGTVLETLPNTMFSVELENGHVVTAHISGKMRKNYIRILTGDKVTVELTPYDLSKGRIVFRSR	0.984833333	1
MAKEDNIEMQGTVLETLPNTMFRVELENGHVVTAHISGKMRKNYIRGLTGDKVTVELTPYDLSKGRIVFRSR	0.75175	0
MAKEDNIEMQGTVLETLPNTMFRVELENTHVVTAHISGKMRKNYIRILTGDKVTVELTPYDLSKGRIVFRSR	1.00575	1
MAKEDNIEMQGTVLETLPNTMFRVELENGHVVTAHISGKMRKNYIRHLTGDKVTVELTPYDLSKGRIVFRSR	0.3835	0
MAKEDNIEMQGTVLETLPNTMFRVELENGHVVTAHISGKMRKNYIRILTGDKVTVELTAYDLSKGRIVFRSR	0.97425	1
MAKEDNIEMQGTVLETLPNTMFRVELENGHVVTAHISGKMRGNYIRILTGDKVTVELTPYDLSKGRIVFRSR	0.916	1
MAKEDFIEMQGTVLETLPNTMFRVELENGHVVTAHISGKMRKNYIRILTGDKVTVELTPYDLSKGRIVFRSR	1.012	1
MAKEDNIEMQGTVLETLPNTMARVELENGHVVTAHISGKMRKNYIRILTGDKVTVELTPYDLSKGRIVFRSR	1.0155	1
MAKEDNIEMQGTVLETLPITMFRVELENGHVVTAHISGKMRKNYIRILTGDKVTVELTPYDLSKGRIVFRSR	1.002	1
MAKEDNIEMQGTVLETLPNTMFRVELENSHVVTAHISGKMRKNYIRILTGDKVTVELTPYDLSKGRIVFRSR	0.9985	1
MAKEDNIEMQGTVLETLPNTMFRVELENGHVVTAHISGKMRKNYIRILFGDKVTVELTPYDLSKGRIVFRSR	0.914	1
MAKEDNIEFQGTVLETLPNTMFRVELENGHVVTAHISGKMRKNYIRILTGDKVTVELTPYDLSKGRIVFRSR	0.604	0
MAKEDNIEMQGTVLETLPNTMFRVELENGHVVTAHISGKMRKNYIRILTGDKVTVELTPYDLSKGRIDFRSR	0.866	1
MAKEDNIEMQGTVLETLPNTMFRVELENGHVVSAHISGKMRKNYIRILTGDKVTVELTPYDLSKGRIVFRSR	0.988	1
MAKEDNIEMQGTVLETLPNTMFRVELENGHVVTAHISKKMRKNYIRILTGDKVTVELTPYDLSKGRIVFRSR	0.348	0
MAKEDNIEMQGTVLETLPNIMFRVELENGHVVTAHISGKMRKNYIRILTGDKVTVELTPYDLSKGRIVFRSR	0.974666667	1
MAKEDNIEMQGTVLETLPNTMFRVELECGHVVTAHISGKMRKNYIRILTGDKVTVELTPYDLSKGRIVFRSR	0.8859999999999999	1
MAKEDNIEMQGTVLETLPNTMFRVELENGHVVTAHISGKMRKNYIRILPGDKVTVELTPYDLSKGRIVFRSR	0.937	1
MAKEDNIEMQGTVLETLPNTMFRVELYNGHVVTAHISGKMRKNYIRILTGDKVTVELTPYDLSKGRIVFRSR	0.8295	1
MAKEDNIEMQGTVLETLPNTMFRVELENGHVVTAHISGKMRKNYIRILTGDKVTVEATPYDLSKGRIVFRSR	0.9325	1
MAKEDNIEMQGTVLETLPNTVFRVELENGHVVTAHISGKMRKNYIRILTGDKVTVELTPYDLSKGRIVFRSR	0.9205	1
MAKEDNIEMQGTVLETLPNTMFRVELENGHVNTAHISGKMRKNYIRILTGDKVTVELTPYDLSKGRIVFRSR	0.991	1
MAKEDNIEMQGTVLETGPNTMFRVELENGHVVTAHISGKMRKNYIRILTGDKVTVELTPYDLSKGRIVFRSR	0.967	1
MAKEDNIEMQGTVLETLPNTMFRVELENGHVVTAHISGKMRKNYIRILTGEKVTVELTPYDLSKGRIVFRSR	0.893	1
MAKEDNIEMQGTVLETLPNTMFRVELENGHVVTAHISGKMRKNYIRILTGDKVTVELTPYDLCKGRIVFRSR	0.833	1
MAKEDNIEMQGTVLETLPNTMFRVELENGHVVTAHISGKMRKNYIRILTGDKVTVELTPNDLSKGRIVFRSR	0.894	1
MAKEDNIEMQGTVLETLPNTMFRVELENGHVVTAHISGVMRKNYIRILTGDKVTVELTPYDLSKGRIVFRSR	0.895	1
MAKEDNIEMQGTVLETLPNTMFRVELENGHVVTAHISGKMRKNYIRILHGDKVTVELTPYDLSKGRIVFRSR	0.923	1
MAKEDNIEMQGTVLETLPNTMFRVELENGHVVTAWISGKMRKNYIRILTGDKVTVELTPYDLSKGRIVFRSR	0.978	1
MAKEDNIEMQGTVLETLPGTMFRVELENGHVVTAHISGKMRKNYIRILTGDKVTVELTPYDLSKGRIVFRSR	1.006	1
MAKEDNVEMQGTVLETLPNTMFRVELENGHVVTAHISGKMRKNYIRILTGDKVTVELTPYDLSKGRIVFRSR	0.8415	1
MAKEDNIEMIGTVLETLPNTMFRVELENGHVVTAHISGKMRKNYIRILTGDKVTVELTPYDLSKGRIVFRSR	0.959	1
MAKEDNIEMQGTVLEPLPNTMFRVELENGHVVTAHISGKMRKNYIRILTGDKVTVELTPYDLSKGRIVFRSR	0.96725	1
MAKEDNIEMQGTVLETLPNTMFRVELENGHVVTAHISGKMRKNYIRILTGDKVTVELTPYDLSKGRIVFKSR	0.6205	0
MAKEDNIEMQGTVLETLPNTMFRVELENGHVVTAHISGKMRKNYIRILTGDKVTVELTPYDLSEGRIVFRSR	0.5475	0
MAKEDNIEMQGTVLEWLPNTMFRVELENGHVVTAHISGKMRKNYIRILTGDKVTVELTPYDLSKGRIVFRSR	0.8059999999999999	1
MAKEDNIEMQGTVLETLPNTMFRVELENGHVVTAHISGKMRKNYGRILTGDKVTVELTPYDLSKGRIVFRSR	0.7065	0
MAKEDNIEMQGTVLETLPNTMFRVELENGHVVTAHISGFMRKNYIRILTGDKVTVELTPYDLSKGRIVFRSR	0.5785	0
MAKEDNIEMQGTVLETLPNTLFRVELENGHVVTAHISGKMRKNYIRILTGDKVTVELTPYDLSKGRIVFRSR	1.002333333	1
MAKEDNIEMQGTVLETLPNTMFRVELENGHVVTAHISGKMRKNPIRILTGDKVTVELTPYDLSKGRIVFRSR	0.76675	0
MAKEDNIEMQGTVLETLPNTMFRVELENGHVVTAHISGKMRKNYIRILTGDKWTVELTPYDLSKGRIVFRSR	0.286	0
MAKEFNIEMQGTVLETLPNTMFRVELENGHVVTAHISGKMRKNYIRILTGDKVTVELTPYDLSKGRIVFRSR	1.0485	1
MAKEDNIEMQGTVLETLPNTMFRVELENGHVVTAHISGKMRKNYIRILTGDKVTVELTPYDLSKGRIVFHSR	0.1375	0
MAKEDNIEMQGTVLETLPNTMFRVELENGHVVTAHISGKMRKNYIRILIGDKVTVELTPYDLSKGRIVFRSR	0.926	1
MAKEDNIEMQGTVLETLPNTMFRVELENGAVVTAHISGKMRKNYIRILTGDKVTVELTPYDLSKGRIVFRSR	0.99475	1
MAKEDNIEMQGTVLETLPNTMFRVELENGHVVTAHISGKMRKNYIRILTGDKVTVELTPYDLSKGRCVFRSR	0.9585	1
MAKEDNIEMQGTVLETLPNTMFRVELENGHVVTAHISGKMRENYIRILTGDKVTVELTPYDLSKGRIVFRSR	0.888	1
MAKEDNIEMQGTVLETLPNTMFRVELENGHKVTAHISGKMRKNYIRILTGDKVTVELTPYDLSKGRIVFRSR	1.0015	1
MAKEDNIEMQGTVLETLPNTMFRVELENGHVVTAHISGKMRKNYIRILTGDKVTVELTPYDLEKGRIVFRSR	0.7805	0
MAKEDNIEMQGTVLETLPNTMFRVELENGHVVTAHISGKMRKNYIRILTGDKVTVELTPYDMSKGRIVFRSR	0.963	1
MAKEDNIEMQGTVLELLPNTMFRVELENGHVVTAHISGKMRKNYIRILTGDKVTVELTPYDLSKGRIVFRSR	0.9935	1
MAKEDNIEMQGTVLESLPNTMFRVELENGHVVTAHISGKMRKNYIRILTGDKVTVELTPYDLSKGRIVFRSR	0.968333333	1
MAKEDNIEMQGTVLETLPNTMFRVELENGHVVTAHICGKMRKNYIRILTGDKVTVELTPYDLSKGRIVFRSR	0.983	1
MAKEDNIEMQGTVLETLPNTMFRVELENGHVVTAHISGKMRKNYIRILTGDKVTVELTPYDLSKGRIVFRSV	0.90475	1
MAKEDNIEMQGTVLETLPNTMFRVEYENGHVVTAHISGKMRKNYIRILTGDKVTVELTPYDLSKGRIVFRSR	0.65	0
MAKEDNIEMQGTVLETLPNTMFRVELENGHVVTAHISGKSRKNYIRILTGDKVTVELTPYDLSKGRIVFRSR	0.6023333329999999	0
MAKEDNIEMQGTVLITLPNTMFRVELENGHVVTAHISGKMRKNYIRILTGDKVTVELTPYDLSKGRIVFRSR	0.948666667	1
MAKEDNIEMQGTVLETLFNTMFRVELENGHVVTAHISGKMRKNYIRILTGDKVTVELTPYDLSKGRIVFRSR	0.984	1
MAKEDNIEMQGTVLETLPMTMFRVELENGHVVTAHISGKMRKNYIRILTGDKVTVELTPYDLSKGRIVFRSR	1.0	1
MAKEDNIEMQGTVLETLPNTMFRVELENGHVVTAHISGKMRKNYIRILTNDKVTVELTPYDLSKGRIVFRSR	0.884	1
MAKDDNIEMQGTVLETLPNTMFRVELENGHVVTAHISGKMRKNYIRILTGDKVTVELTPYDLSKGRIVFRSR	0.992	1
MAKEDNIEMQGTVLETLPNTMFRVELENGHVVTAHISGKMDKNYIRILTGDKVTVELTPYDLSKGRIVFRSR	0.4945	0
MAKEDNIEMQGTVLETLPNTMFRVELENGHVVTAHISGKMRKNYIRILTGDKVTVELTPYDLSKGRIMFRSR	0.964	1
MAKEDNIEMQGTVLETLPNTMFREELENGHVVTAHISGKMRKNYIRILTGDKVTVELTPYDLSKGRIVFRSR	0.092	0
MAKEDNIEMQGTVLETLPNTMFRVELENGHVVTAHISGKMRKNYIRIPTGDKVTVELTPYDLSKGRIVFRSR	0.37275	0
MAKEDNIEMQGTVLETLPNTMFRVELENGHVVTAHISGKMRKNYIRICTGDKVTVELTPYDLSKGRIVFRSR	0.9365	1
MAKEDNIEMQGTVLETLPNTMFRVELENGHVVTAHISGKMRKSYIRILTGDKVTVELTPYDLSKGRIVFRSR	0.91	1
MAKEDNIEMQGTVLETLPNTMFRVELENGHVVTAHISGKMRKNYIRPLTGDKVTVELTPYDLSKGRIVFRSR	0.83675	1
MAKEDNIEMQGTVLETLPNTMFRVELENGHVVTAHISGKMRKNYIRILTGDKVTVELTPYDLSQGRIVFRSR	0.8615	1
MAKEDNIEMQGTVLETLQNTMFRVELENGHVVTAHISGKMRKNYIRILTGDKVTVELTPYDLSKGRIVFRSR	0.972	1
MAKEDNIEMQGTVLETLPNTMFRVELENGHVVTEHISGKMRKNYIRILTGDKVTVELTPYDLSKGRIVFRSR	0.038	0
MAKEDNIEMQGTVLETLPNTMFRVELENGHVVTAHISGKMRKNYIRILTGDKVTVELTPYDLSKGRNVFRSR	0.1245	0
MAKEDNIEMQGTVLETLPNTMFRVELENGHVVTAHISGKMRKNYIRIYTGDKVTVELTPYDLSKGRIVFRSR	0.9005	1
MAKEDNIEMQGTVLETLPNTMFRVELENGHVVTAHISGCMRKNYIRILTGDKVTVELTPYDLSKGRIVFRSR	0.833	1
MAKEDNIEMQGTVLETLPNTMFRVELPNGHVVTAHISGKMRKNYIRILTGDKVTVELTPYDLSKGRIVFRSR	0.7235	0
MAKEDNIEMQGTVLETLPNTMFRVQLENGHVVTAHISGKMRKNYIRILTGDKVTVELTPYDLSKGRIVFRSR	0.994	1
MAKEDNIEMQGTVLETLPNTMFRVELENGHVVTAHISGKMRKNYIRILTGDKVTVELTPYDLSKGLIVFRSR	0.907666667	1
MAKEDNIEMQGTVLETLPNTMFRVELENGHVVTAHISGKMRKNYIRKLTGDKVTVELTPYDLSKGRIVFRSR	0.242	0
MAKEDNIEMQGTVLETLPNTMSRVELENGHVVTAHISGKMRKNYIRILTGDKVTVELTPYDLSKGRIVFRSR	1.009166667	1
MAKEDNIEMQGTVLETLPNTMFRVELENGHVVTAHISGKMRKNYIRILTGDKVTVELTPYDLSKGRIVFSSR	0.549666667	0
MAKEDNIEMQGTVLETLPNTMFRVELENRHVVTAHISGKMRKNYIRILTGDKVTVELTPYDLSKGRIVFRSR	1.006666667	1
MAKEDNIEMQGTVLETLGNTMFRVELENGHVVTAHISGKMRKNYIRILTGDKVTVELTPYDLSKGRIVFRSR	0.8985	1
MAKEDVIEMQGTVLETLPNTMFRVELENGHVVTAHISGKMRKNYIRILTGDKVTVELTPYDLSKGRIVFRSR	0.9965	1
MAKEDNIEMQGTVLETYPNTMFRVELENGHVVTAHISGKMRKNYIRILTGDKVTVELTPYDLSKGRIVFRSR	0.9655	1
MAKEDNIEMQGTVLETLPNTMFRVELENGHVVTAHISGKMRKNYIRILTGDKVTVELTPRDLSKGRIVFRSR	0.884	1
MAKELNIEMQGTVLETLPNTMFRVELENGHVVTAHISGKMRKNYIRILTGDKVTVELTPYDLSKGRIVFRSR	1.0235	1
MAKEDNNEMQGTVLETLPNTMFRVELENGHVVTAHISGKMRKNYIRILTGDKVTVELTPYDLSKGRIVFRSR	0.9715	1
MAKEDNIEMQGTVLETLPNTMFRVELENGHVVTAHISGKMRPNYIRILTGDKVTVELTPYDLSKGRIVFRSR	0.33025	0
YAKEDNIEMQGTVLETLPNTMFRVELENGHVVTAHISGKMRKNYIRILTGDKVTVELTPYDLSKGRIVFRSR	0.2365	0
MAKEDNIEMQGTVLETLPNTMFRVELENGFVVTAHISGKMRKNYIRILTGDKVTVELTPYDLSKGRIVFRSR	1.002	1
MAKEDNIEMTGTVLETLPNTMFRVELENGHVVTAHISGKMRKNYIRILTGDKVTVELTPYDLSKGRIVFRSR	0.92725	1
MAKEDNIEMQGTVLETLPNTMFRVELENGHVVTAHISGYMRKNYIRILTGDKVTVELTPYDLSKGRIVFRSR	0.3025	0
MAKEDNIEMQGTVLETLPNTMFRVELENGHVVTAHISGKMRKNYIRILTGDKVTVELTPYDLSKGRSVFRSR	0.356166667	0
MAKEDNIEMQGTVNETLPNTMFRVELENGHVVTAHISGKMRKNYIRILTGDKVTVELTPYDLSKGRIVFRSR	0.969	1
MAKEDNIEMQGTVLETLPNTMFRVELENGHVVTAHISGKMRKNYIRILTGDKVTVELTPYDLSKGRIVFRDR	0.985	1
MAKEDNIEMQGTVLETLPNTMFRVELENGHVVTAHIDGKMRKNYIRILTGDKVTVELTPYDLSKGRIVFRSR	0.6579999999999999	0
MAKEDNIEMQGTVLETLPNTMFRVELENGHVVTAHISGKMRKNYIRILEGDKVTVELTPYDLSKGRIVFRSR	0.9305	1
MAKEDNIEMQGTVLETLPNTMFRVELENGHVVTAHISGKMRKNYIRILTGDKVTVELTPYDLSKGRIVFRSY	0.8625	1
MAKEDNIEMQGTVLETLPNTMFRVELENGHVVTAHISGKMRKNYIRILTGDKVTGELTPYDLSKGRIVFRSR	0.40375	0
MAKEDNIEMQGTVLETLMNTMFRVELENGHVVTAHISGKMRKNYIRILTGDKVTVELTPYDLSKGRIVFRSR	0.981	1
MAKEDNIEMQGTVLETLPYTMFRVELENGHVVTAHISGKMRKNYIRILTGDKVTVELTPYDLSKGRIVFRSR	1.0035	1
MAKEDNIPMQGTVLETLPNTMFRVELENGHVVTAHISGKMRKNYIRILTGDKVTVELTPYDLSKGRIVFRSR	0.83225	1
MAKEDNIEMQGTVLETLPNTSFRVELENGHVVTAHISGKMRKNYIRILTGDKVTVELTPYDLSKGRIVFRSR	0.995833333	1
MAKEDNIEMQGTVLEILPNTMFRVELENGHVVTAHISGKMRKNYIRILTGDKVTVELTPYDLSKGRIVFRSR	1.001	1
MAKEDNIEMQGTVLETLPNTMFRVELENGHVVTAHISGKMRKNYIRILTGDKVTVELTEYDLSKGRIVFRSR	0.9245	1
MAKEDNIEMQGTVLETLPNTMFRVELEVGHVVTAHISGKMRKNYIRILTGDKVTVELTPYDLSKGRIVFRSR	0.848	1
MAKEDNIKMQGTVLETLPNTMFRVELENGHVVTAHISGKMRKNYIRILTGDKVTVELTPYDLSKGRIVFRSR	0.9385	1
MAKEDNIEMQGTVLETLPNTMFRVELENGHVVTAHISCKMRKNYIRILTGDKVTVELTPYDLSKGRIVFRSR	0.5055	0
MAKEDNIEMQGTVLETLPNTMFRVELENGHVVTAHISGKMRKNYIRILTGDKVTVQLTPYDLSKGRIVFRSR	0.9915	1
MAKEDNIEMQGTVLETLPNTMFRVELENGHQVTAHISGKMRKNYIRILTGDKVTVELTPYDLSKGRIVFRSR	1.0025	1
MAKEDNIMMQGTVLETLPNTMFRVELENGHVVTAHISGKMRKNYIRILTGDKVTVELTPYDLSKGRIVFRSR	0.903	1
MAKEDNIEMQGTVLETLPNTMFRVELENGHVVTAHISGKMRKNYIRILTGDKVTVELTPYDLSTGRIVFRSR	0.83025	1
MAKEDNIEMQGTVLETLPNTMFRVELENGHVVTAHISGKMRKNYIRILTGDKVTVVLTPYDLSKGRIVFRSR	0.9795	1
MAKEDNIEMQGSVLETLPNTMFRVELENGHVVTAHISGKMRKNYIRILTGDKVTVELTPYDLSKGRIVFRSR	0.987666667	1
MAKEDNIEMQGTVLETLPNTMFRVELEEGHVVTAHISGKMRKNYIRILTGDKVTVELTPYDLSKGRIVFRSR	0.7545	0
MAKEDNIEMQGTVLMTLPNTMFRVELENGHVVTAHISGKMRKNYIRILTGDKVTVELTPYDLSKGRIVFRSR	0.972	1
MAKEDNIEMQGTVLETLANTMFRVELENGHVVTAHISGKMRKNYIRILTGDKVTVELTPYDLSKGRIVFRSR	0.9285	1
MAKEDNIEMQGTVLETLPNTMFRVELENGHCVTAHISGKMRKNYIRILTGDKVTVELTPYDLSKGRIVFRSR	1.02	1
MAKEDNIEMQGTVLETLPNTMKRVELENGHVVTAHISGKMRKNYIRILTGDKVTVELTPYDLSKGRIVFRSR	0.8385	1
MAKEDNIEMQGTVLETLDNTMFRVELENGHVVTAHISGKMRKNYIRILTGDKVTVELTPYDLSKGRIVFRSR	0.4855	0
MAKEDNIEMQGTVLETLPNTMFRVELENGHVVAAHISGKMRKNYIRILTGDKVTVELTPYDLSKGRIVFRSR	0.98675	1
MAKEDNIEMQGTVLEALPNTMFRVELENGHVVTAHISGKMRKNYIRILTGDKVTVELTPYDLSKGRIVFRSR	0.989	1
MAKEDNIEMQGTVLETLPNTMFRVELENGHVVTAHISGKMRKNYIRILTGDKVTVELTPYDESKGRIVFRSR	0.9585	1
MAKEDNIEMQGTVLETLPNTMFRVELENGHVVTAHISQKMRKNYIRILTGDKVTVELTPYDLSKGRIVFRSR	0.6075	0
MAKEDNIEMQGTVLETLPNTMFRVELENGHVVTAHISGKMRKNYIRILCGDKVTVELTPYDLSKGRIVFRSR	0.923	1
MAKEDNIEMQGTVLETLPNTMFRVELENGHVVTAHISGKMRKNYIRILTGDKVTVELTPYDLSKGRKVFRSR	0.144	0
MAKEDNIEMQGTVLETLPNTMFRVELENGHVVTAHISGKMRKNYIRILTADKVTVELTPYDLSKGRIVFRSR	0.921	1
MAKEDNIEMQGTVLETLPNTMFRVELENGHVVTAHVSGKMRKNYIRILTGDKVTVELTPYDLSKGRIVFRSR	1.0025	1
MAKEDNIEMQGTVLETLPNTMFRVELENGHVVTAHISGKMRQNYIRILTGDKVTVELTPYDLSKGRIVFRSR	0.922	1
MAKEDNIEMQGTVLETLPNTMFRVELENGHVVTAHISGKMRKNYIRILNGDKVTVELTPYDLSKGRIVFRSR	0.91	1
MAKEDNIEMQGTVLETLPNTMFRVELENGHVVTAHISGKMRKNYIRILTGDKVTVILTPYDLSKGRIVFRSR	0.947333333	1
MAKEDNIEMQGTVLETLPNTMFRVELENGHVVPAHISGKMRKNYIRILTGDKVTVELTPYDLSKGRIVFRSR	0.8025	1
MAKEDNIEMQGTVLETLPNTMFRVELENGHVVTAHISGKMRKNYIRILTGCKVTVELTPYDLSKGRIVFRSR	0.8415	1
MAKEDNIEMQGTVLETLPNTMFRVELENGHVVTAHTSGKMRKNYIRILTGDKVTVELTPYDLSKGRIVFRSR	0.99225	1
MAKEDNIEMQGTVLETLPNTMFRVELENGHVVTAHISGKMRKNYIRILTGDKETVELTPYDLSKGRIVFRSR	0.1835	0
MAKEDNIEMQGTVLETLPNTMFRVELENGHVVTAHISGKERKNYIRILTGDKVTVELTPYDLSKGRIVFRSR	0.17	0
MAKEDNIEMQGTVLETLPNTMFRVELENGHVVHAHISGKMRKNYIRILTGDKVTVELTPYDLSKGRIVFRSR	1.012	1
MAKEDNIEMQGTVLETLPNTMFRVELENGHVVTAHISGKMRKNYIRLLTGDKVTVELTPYDLSKGRIVFRSR	0.971833333	1
MAKEDNIEMQGTVLETLPNTMFRVELENGHVVTNHISGKMRKNYIRILTGDKVTVELTPYDLSKGRIVFRSR	0.8029999999999999	1
MAKEDNIEMQGTVLETLPNTMFRVELENGHVVTAHISGKMRKNYIRILTGDKVTVELTPYDLSKGRIVFRST	0.911	1
MAKEDNIEMQGTVLETLPNTMFRVLLENGHVVTAHISGKMRKNYIRILTGDKVTVELTPYDLSKGRIVFRSR	0.986666667	1
MAKEDNIEMQGTVLETSPNTMFRVELENGHVVTAHISGKMRKNYIRILTGDKVTVELTPYDLSKGRIVFRSR	0.989833333	1
PAKEDNIEMQGTVLETLPNTMFRVELENGHVVTAHISGKMRKNYIRILTGDKVTVELTPYDLSKGRIVFRSR	-0.03775	0
MAKEDNIEMQGTVLETLPNTMFRVELENGHVVTAHISGKMRKCYIRILTGDKVTVELTPYDLSKGRIVFRSR	0.9435	1
MAKEDNIEMQGTVLETLPNTMFRVELENGHVVTAHISLKMRKNYIRILTGDKVTVELTPYDLSKGRIVFRSR	0.322833333	0
MAKEDNIEMQGTVLETLPNTMFRVELENGHVVTAHISGKMRKNYIRILTGDKVTVELTPYDLSKLRIVFRSR	0.144333333	0
MAKEDNIEMQGTVLETLPNTMFRVELENGHVVTAHISGKMRKNYIRILTGDKVTVELTPQDLSKGRIVFRSR	0.9275	1
MACEDNIEMQGTVLETLPNTMFRVELENGHVVTAHISGKMRKNYIRILTGDKVTVELTPYDLSKGRIVFRSR	0.8355	1
MMKEDNIEMQGTVLETLPNTMFRVELENGHVVTAHISGKMRKNYIRILTGDKVTVELTPYDLSKGRIVFRSR	1.035	1
MAKEDNIEMQGTCLETLPNTMFRVELENGHVVTAHISGKMRKNYIRILTGDKVTVELTPYDLSKGRIVFRSR	0.9695	1
MAKEDNIEMQGTVLETLPNTMFRVELENGHVVTAHISGKQRKNYIRILTGDKVTVELTPYDLSKGRIVFRSR	0.488	0
MAKEDNIEMQGTVLETLPNTMFRVELENGHVVTAHISGKMRKNYIRILTGDPVTVELTPYDLSKGRIVFRSR	0.96625	1
MAKEDNIRMQGTVLETLPNTMFRVELENGHVVTAHISGKMRKNYIRILTGDKVTVELTPYDLSKGRIVFRSR	0.7945	0
MAKEDNIEMQGTVLETKPNTMFRVELENGHVVTAHISGKMRKNYIRILTGDKVTVELTPYDLSKGRIVFRSR	1.034	1
MAKEDNIEMQGTVLETLPNTMFRVELENGHVVTAHISGKMRKNYIRILTGDKVTVELTPYVLSKGRIVFRSR	0.794	0
MAKEDNIEMQGTVLETLPNTMFRVELENGHVVTAHISGKMRKNYDRILTGDKVTVELTPYDLSKGRIVFRSR	0.685	0
MAKEDNIEMQGTVLETLPNTMFRVELENGHVVTAHISGKMRCNYIRILTGDKVTVELTPYDLSKGRIVFRSR	0.899	1
MAKEDNIEMQGTVLETLPNTMFRVELENGHVVTAHISGKMRKNYIRILTGDKVTVELTPYDLSNGRIVFRSR	0.8475	1
MAKEDNIEMQGTVLETLPNTMFRVELENGHVVTAVISGKMRKNYIRILTGDKVTVELTPYDLSKGRIVFRSR	0.98975	1
MAKEDNIEMQGTVLETLPNTMFRVELENGHVVTAHISGKMRKNYIRILTGDKVTVELTPYDLSKGRIVFRSL	0.884	1
MAKEDNIEMQGTVLETLPNTMFRVELENGPVVTAHISGKMRKNYIRILTGDKVTVELTPYDLSKGRIVFRSR	0.96875	1
LAKEDNIEMQGTVLETLPNTMFRVELENGHVVTAHISGKMRKNYIRILTGDKVTVELTPYDLSKGRIVFRSR	0.0803333329999999	0
MAKEDGIEMQGTVLETLPNTMFRVELENGHVVTAHISGKMRKNYIRILTGDKVTVELTPYDLSKGRIVFRSR	0.4595	0
MAKEDNIEMQGTVLETLPNTMFRVELENGHVVTAHISGKMRKNYIRITTGDKVTVELTPYDLSKGRIVFRSR	0.90475	1
MAKEDNIEMQGTVLETLPNTMFRVELENGHVVTAHISGKMRKNYIRILTGDKVTVELTPYDLFKGRIVFRSR	0.831	1
MAKEDNIEMQGTVLETLPNTMFRVELENGHVVTAHISGKMRKNYIRILTGDKVTVELTSYDLSKGRIVFRSR	0.948333333	1
MAKEDNIEMQGTVLETLPNTMFRVELENGHVVTAHISGKMRKNYIRILTGDKVTVELTLYDLSKGRIVFRSR	0.957666667	1
MAKEDNIEMQGTVLETLPNTMFRVELENGHVVTAHISGKMRKNYIEILTGDKVTVELTPYDLSKGRIVFRSR	0.5285	0
MAKEDNIEMQGTVLETLPNTMFRVELENGHVVTAHISGKMRKNYIRILTGDKVTVELTPYDLSKGRIVFESR	0.149	0
MAKEDNIEMQGTVLETLPNGMFRVELENGHVVTAHISGKMRKNYIRILTGDKVTVELTPYDLSKGRIVFRSR	0.97175	1
MAKEDNIEMQGTVLETLPNTMFRVELENGHVVTLHISGKMRKNYIRILTGDKVTVELTPYDLSKGRIVFRSR	0.760166667	0
MAKEDNIEMQGTVLETLPNTMFRAELENGHVVTAHISGKMRKNYIRILTGDKVTVELTPYDLSKGRIVFRSR	0.999	1
MAKEDNIEMQGTVLETLPNTMFRVELENGHVVTAHISGKMRKNYIRILTGDKVTWELTPYDLSKGRIVFRSR	0.042	0
MAKEDNIEMQGTVLETNPNTMFRVELENGHVVTAHISGKMRKNYIRILTGDKVTVELTPYDLSKGRIVFRSR	1.006	1
MAKEDNIEMQGTVLETLPNTMFRKELENGHVVTAHISGKMRKNYIRILTGDKVTVELTPYDLSKGRIVFRSR	-0.0315	0
MAKEDNIEMQGTVLETRPNTMFRVELENGHVVTAHISGKMRKNYIRILTGDKVTVELTPYDLSKGRIVFRSR	0.962166667	1
MAKEDNIEMQGTVLETLPNTMFRVELENGHVVTAHISDKMRKNYIRILTGDKVTVELTPYDLSKGRIVFRSR	0.2025	0
MAKEDNIEMQGTVLETLPNTMFEVELENGHVVTAHISGKMRKNYIRILTGDKVTVELTPYDLSKGRIVFRSR	0.971	1
MAKEDNIEMQGTVLETLPNTMFRVELENGHVVTAHISGKHRKNYIRILTGDKVTVELTPYDLSKGRIVFRSR	0.313	0
MAKEDNIEMQGTVLETLPNTMFRVELENGHVVTAHISGKMRKNYIRILTGDKVTVELTPYDLSPGRIVFRSR	0.35175	0
MAKEDNIEMQGTVLETLPNTMFRVELENGHVVTAHISGKMRKNYIRILTGDKVTVELTCYDLSKGRIVFRSR	0.9425	1
MAKEDNIEMQGTVLETLPNTMFRVELEHGHVVTAHISGKMRKNYIRILTGDKVTVELTPYDLSKGRIVFRSR	0.8525	1
MAKEDNIEMQGTRLETLPNTMFRVELENGHVVTAHISGKMRKNYIRILTGDKVTVELTPYDLSKGRIVFRSR	-0.048666667	0
MAKEDNIEMQGTVLETLPNTMFRVELENGHVPTAHISGKMRKNYIRILTGDKVTVELTPYDLSKGRIVFRSR	0.772	0
MAKEDNIEMQGTVLETLPNTMFRVELENGHVVTAHASGKMRKNYIRILTGDKVTVELTPYDLSKGRIVFRSR	0.9495	1
MAKEDNIEMQGTVLETLPNTMFRVELENGHVVTAHISGKMRKNRIRILTGDKVTVELTPYDLSKGRIVFRSR	0.927	1
MAKEDNIEMQGTVLETLPNTMFRVELENGHGVTAHISGKMRKNYIRILTGDKVTVELTPYDLSKGRIVFRSR	1.004	1
MAKNDNIEMQGTVLETLPNTMFRVELENGHVVTAHISGKMRKNYIRILTGDKVTVELTPYDLSKGRIVFRSR	1.0115	1
MAKEDNIEMQGTVLETLPNTMFRVELENGHVVTAHISGKMRKNYIRWLTGDKVTVELTPYDLSKGRIVFRSR	0.258	0
MAKEDNIEMQGTVLETLPNTMFRVELENGHVVTAHISGKMRKNYIRILTGDKVTVALTPYDLSKGRIVFRSR	0.987	1
MAKEDNIEMQGNVLETLPNTMFRVELENGHVVTAHISGKMRKNYIRILTGDKVTVELTPYDLSKGRIVFRSR	0.9835	1
MAKEDNIEMQGTVLETLPNTMFRVELENGHVVTAHISGKMRKNYIPILTGDKVTVELTPYDLSKGRIVFRSR	0.47075	0
MAKEDNIEMQGTVLETLPNTMFRVELENGHVVTAHISGKMRKAYIRILTGDKVTVELTPYDLSKGRIVFRSR	0.90825	1
MAKEDNIEMQGTVLETLPNTMFRVELENGHVHTAHISGKMRKNYIRILTGDKVTVELTPYDLSKGRIVFRSR	0.9465	1
MAKEDNIEMQGTVLETLPNTMFRVELENGHVVTAHISGKDRKNYIRILTGDKVTVELTPYDLSKGRIVFRSR	0.072	0
MAKEDNIEMQGTVLETLPNTMFRVELENGHVVTAHISGKMRKNYIRILTGDRVTVELTPYDLSKGRIVFRSR	0.966333333	1
MAKEDNIEMQGTVLETLPNTMFRVELENGHVVTAHISGKMRKNYIRILTGDKVTVELTPYDLSKFRIVFRSR	0.1675	0
MAKEDNIEMQGTVLETLPNTMFRVELENGHVVTAHISGKMRKNYIRILTGDKVTVELTPYDLYKGRIVFRSR	0.8355	1
MAKEDNIEMQGTVLETLPNTMFRVELENGHVVTAHISGKMRKNYIRILTGDKVTVELTPYDLSKNRIVFRSR	0.092	0
MAKEDNIEMQGTVLETLPNTMFRVELENGIVVTAHISGKMRKNYIRILTGDKVTVELTPYDLSKGRIVFRSR	0.990333333	1
MAKEDNIEMQGTVLETLPNTMFRVELENGHVVTAHISGKMRKNYIRILTGDKVTVELTPYDLSKERIVFRSR	-0.0085	0
MAKEDNIEMQGTVLETLPNTMFRVELENGHVVTAHISGKMRKNYILILTGDKVTVELTPYDLSKGRIVFRSR	0.672166667	0
MAKEDNIEMQGTVLETLPNTMFRVELENGHVVTAHISGKMRKNYIRILTGDKVTVELTPYDLSKGRIWFRSR	0.976	1
MAKEDNIEMQGTVLETLPNTMFRVELENGHVVTAHISGKMRKNYIRILTGDKVTVMLTPYDLSKGRIVFRSR	0.958	1
MAKEDNIEMQGTVLCTLPNTMFRVELENGHVVTAHISGKMRKNYIRILTGDKVTVELTPYDLSKGRIVFRSR	0.9605	1
MAKEDNIEMQGTVLETLPNTMFRVELENGHVATAHISGKMRKNYIRILTGDKVTVELTPYDLSKGRIVFRSR	0.922	1
MAKEDNIEMQGTVLETLPNVMFRVELENGHVVTAHISGKMRKNYIRILTGDKVTVELTPYDLSKGRIVFRSR	1.001	1
IAKEDNIEMQGTVLETLPNTMFRVELENGHVVTAHISGKMRKNYIRILTGDKVTVELTPYDLSKGRIVFRSR	0.118	0
QAKEDNIEMQGTVLETLPNTMFRVELENGHVVTAHISGKMRKNYIRILTGDKVTVELTPYDLSKGRIVFRSR	0.1395	0
MAKEDNIEMQGTVLETMPNTMFRVELENGHVVTAHISGKMRKNYIRILTGDKVTVELTPYDLSKGRIVFRSR	0.988	1
MAKEDNIEMQGTVLETLPNTMFRVELENGHVVTAHISGKMRKNYIRILTGDKVTVELTPYDLSKSRIVFRSR	0.905333333	1
MAKEDNIEMQGTVLETLPNTMFRVELENGHVVTAHISGKMRKNYIRILTGDKVTVELSPYDLSKGRIVFRSR	0.789666667	0
MAKEDNIEMQGTVLETLPNTMFRVELENGHVVTAHISGKMRKNYIRILTGDKVTVELTPYDLSKGRIVFRSC	0.95	1
MAKEDNIEMQGIVLETLPNTMFRVELENGHVVTAHISGKMRKNYIRILTGDKVTVELTPYDLSKGRIVFRSR	0.826666667	1
MAKEDNIEMQGTVLETLPNTMFRVELENGHVVTAHISGKMRKNYIRILTGDKVTVGLTPYDLSKGRIVFRSR	0.96625	1
MLKEDNIEMQGTVLETLPNTMFRVELENGHVVTAHISGKMRKNYIRILTGDKVTVELTPYDLSKGRIVFRSR	1.022666667	1
MAKEDNIEMQGTVLETLPNTMFRVELENGHVVTAHISGKMRKNYIRILTGDKVTVELTPYDLSKGPIVFRSR	0.3595	0
MAKEDNIEMQGTVLETLPNTMFRVELENGHVVTAHISGIMRKNYIRILTGDKVTVELTPYDLSKGRIVFRSR	0.850666667	1
MAKEDNIEMQGTVLETLPNTMFRVELENGNVVTAHISGKMRKNYIRILTGDKVTVELTPYDLSKGRIVFRSR	0.9855	1
MAKEDNIEMQGTVLETLPNTMFRVELENGHVVTAHISGKMRKNYIRILTGDKVTVELTPYDLSLGRIVFRSR	0.796666667	0
MAKEDNIEMQGTVLETLPNTMFRVELENGHVVTAHINGKMRKNYIRILTGDKVTVELTPYDLSKGRIVFRSR	0.987	1
MAKEDNIEMQGTVLETLPNTMFRVELENGHVVTAHISHKMRKNYIRILTGDKVTVELTPYDLSKGRIVFRSR	0.779	0
MAKEDNIEMQGTVHETLPNTMFRVELENGHVVTAHISGKMRKNYIRILTGDKVTVELTPYDLSKGRIVFRSR	0.977	1
MIKEDNIEMQGTVLETLPNTMFRVELENGHVVTAHISGKMRKNYIRILTGDKVTVELTPYDLSKGRIVFRSR	1.057333333	1
MAKEDNIEMQGTVLETLTNTMFRVELENGHVVTAHISGKMRKNYIRILTGDKVTVELTPYDLSKGRIVFRSR	0.97225	1
MANEDNIEMQGTVLETLPNTMFRVELENGHVVTAHISGKMRKNYIRILTGDKVTVELTPYDLSKGRIVFRSR	0.7785	0
MAKEDMIEMQGTVLETLPNTMFRVELENGHVVTAHISGKMRKNYIRILTGDKVTVELTPYDLSKGRIVFRSR	0.976	1
MAKEDNIEMQGTVLETLPLTMFRVELENGHVVTAHISGKMRKNYIRILTGDKVTVELTPYDLSKGRIVFRSR	0.9925	1
MAMEDNIEMQGTVLETLPNTMFRVELENGHVVTAHISGKMRKNYIRILTGDKVTVELTPYDLSKGRIVFRSR	0.203	0
MAKEDNIEMQGTVLETLPNTMFRVELENGHVVTAHDSGKMRKNYIRILTGDKVTVELTPYDLSKGRIVFRSR	0.2915	0
MAKEDNIEMQGLVLETLPNTMFRVELENGHVVTAHISGKMRKNYIRILTGDKVTVELTPYDLSKGRIVFRSR	0.925333333	1
MAKEDNSEMQGTVLETLPNTMFRVELENGHVVTAHISGKMRKNYIRILTGDKVTVELTPYDLSKGRIVFRSR	0.9325	1
MAKEDNIEMQGTVLETLPNTMFRVELENGHVVTAHISGKMRKNYIRILTGDKVTVELLPYDLSKGRIVFRSR	0.842166667	1
MAKEDNIEMQGTVLETLPNTMFRVELENGHVVLAHISGKMRKNYIRILTGDKVTVELTPYDLSKGRIVFRSR	0.999166667	1
MAKVDNIEMQGTVLETLPNTMFRVELENGHVVTAHISGKMRKNYIRILTGDKVTVELTPYDLSKGRIVFRSR	0.99775	1
MAKEDNIEMQGTVLETLPNTMFRVELENGHVVTAHISRKMRKNYIRILTGDKVTVELTPYDLSKGRIVFRSR	0.3661666670000001	0
MAKEDNIEMQGTVLETLPNTMFRVELENGHVVTAHISGKMRKNYIRILTGDKVNVELTPYDLSKGRIVFRSR	0.94	1
MALEDNIEMQGTVLETLPNTMFRVELENGHVVTAHISGKMRKNYIRILTGDKVTVELTPYDLSKGRIVFRSR	0.746	0
MAKEDNIEMQGTVLETLPNTMFRVELENGHVVTAHISGKMRKNYIRILTGDKVHVELTPYDLSKGRIVFRSR	0.9705	1
MAKEDNIEMQGTVLETLPNTMFRVELEGGHVVTAHISGKMRKNYIRILTGDKVTVELTPYDLSKGRIVFRSR	0.83275	1
MAKEDNIEMQGTVLETLPNTMFRVELENGHVVTAHISGKMRKNYIRILTGDKVTVELTPYDLSKGQIVFRSR	0.1825	0
MAKEDNIEMQGTVLETLPNTMFRVELENGHVVTAHISVKMRKNYIRILTGDKVTVELTPYDLSKGRIVFRSR	0.601	0
MAKEDNIEMQGTVLETLPNTMFRVELENGHVVTAHSSGKMRKNYIRILTGDKVTVELTPYDLSKGRIVFRSR	0.986	1
MAKEDNIEMQGTVLETLPNTMFRVELENVHVVTAHISGKMRKNYIRILTGDKVTVELTPYDLSKGRIVFRSR	0.981	1
MAKEDNIEMQGTVLETLPNTMFRVILENGHVVTAHISGKMRKNYIRILTGDKVTVELTPYDLSKGRIVFRSR	1.003333333	1
MAKEDNIEMQGTVLETLPNTMFRVELENGHVVTAHISGKMRKNYIRILTGDKVTVELTPYDLSMGRIVFRSR	0.843	1
MAKEDNIEMQGTVLETLPNTMFRVELENGHVVTAHISGKMRKNYIRILTGDKVTVELTPYDQSKGRIVFRSR	0.974	1
MAKEDNIEMQGTVLETLPNTMFRVELENGHVVTAHISGKMQKNYIRILTGDKVTVELTPYDLSKGRIVFRSR	0.88	1
MAKCDNIEMQGTVLETLPNTMFRVELENGHVVTAHISGKMRKNYIRILTGDKVTVELTPYDLSKGRIVFRSR	0.994	1
MAKEINIEMQGTVLETLPNTMFRVELENGHVVTAHISGKMRKNYIRILTGDKVTVELTPYDLSKGRIVFRSR	1.0490000000000002	1
MAKEDNIEMQGTVLETLPNTMFRVELENGHVTTAHISGKMRKNYIRILTGDKVTVELTPYDLSKGRIVFRSR	0.997	1
MAKEDNIEMQFTVLETLPNTMFRVELENGHVVTAHISGKMRKNYIRILTGDKVTVELTPYDLSKGRIVFRSR	0.257	0
MAKEDNIEMQGTVLTTLPNTMFRVELENGHVVTAHISGKMRKNYIRILTGDKVTVELTPYDLSKGRIVFRSR	0.94675	1
MAKEDNIEMQGTVLETLPCTMFRVELENGHVVTAHISGKMRKNYIRILTGDKVTVELTPYDLSKGRIVFRSR	1.001	1
MAKEDNIEMQGTVLETLPNTMFRVELEIGHVVTAHISGKMRKNYIRILTGDKVTVELTPYDLSKGRIVFRSR	0.891333333	1
MAKEDNIEMQGTVLETLPNTMFRVELENGHVVTAHISGKMRKNYIRILTGDKVTFELTPYDLSKGRIVFRSR	0.895	1
MAKEDNIEMQGTVLETLPNTMFRVELENGHVVTAHISGKMRKNYIRILTGDKVTVELTPYDLSKGRIVFVSR	0.64025	0
MAKEDNIEMGGTVLETLPNTMFRVELENGHVVTAHISGKMRKNYIRILTGDKVTVELTPYDLSKGRIVFRSR	0.95775	1
MAKEDHIEMQGTVLETLPNTMFRVELENGHVVTAHISGKMRKNYIRILTGDKVTVELTPYDLSKGRIVFRSR	1.007	1
MAKEDNIEMQGTVLETLPNTMFRVELENGHVVTAHISGKMRKNYIRIMTGDKVTVELTPYDLSKGRIVFRSR	0.959	1
MAKEDNIEMQGTVLETLPNTMFRVELENGHVVTAHISGKMMKNYIRILTGDKVTVELTPYDLSKGRIVFRSR	0.879	1
MAKEDNIEMQYTVLETLPNTMFRVELENGHVVTAHISGKMRKNYIRILTGDKVTVELTPYDLSKGRIVFRSR	0.077	0
MAKEDNIEMQGTVLETLPNTMFRVELENGHVVTAHISGKMRKNYIRILTGDKVTVELTIYDLSKGRIVFRSR	0.915666667	1
MATEDNIEMQGTVLETLPNTMFRVELENGHVVTAHISGKMRKNYIRILTGDKVTVELTPYDLSKGRIVFRSR	0.7859999999999999	0
MAKEDNIEMQGTVLETLPNTMFRVELENEHVVTAHISGKMRKNYIRILTGDKVTVELTPYDLSKGRIVFRSR	1.001	1
MAKEDNIEMQGTVLETLPNTMFRVELENGHVVTAHISGKMRKNYIRILTGDKVKVELTPYDLSKGRIVFRSR	0.934	1
MAKEDNIEMQGTVLETLPNTMFRVELENGHVVTAHISGKMRKNYIRILTGDKVTVELTPYDLSKGRIVFRNR	0.9865	1
MAKEDNIEMQGTVLETLPNTMFRVELENGHVVTAHISGKMRKNYIRILTPDKVTVELTPYDLSKGRIVFRSR	0.8855	1
MAKEDNIEMQGTVLETLPNTMFRVELENGHVVTGHISGKMRKNYIRILTGDKVTVELTPYDLSKGRIVFRSR	1.01275	1
MAKEDNIEMFGTVLETLPNTMFRVELENGHVVTAHISGKMRKNYIRILTGDKVTVELTPYDLSKGRIVFRSR	0.9015	1
MAKEDNIQMQGTVLETLPNTMFRVELENGHVVTAHISGKMRKNYIRILTGDKVTVELTPYDLSKGRIVFRSR	0.913	1
MAKEDNIEMQGTVLETLPNTMFRVELENGHVVTAHISGKMRKEYIRILTGDKVTVELTPYDLSKGRIVFRSR	0.6355	0
MAKEPNIEMQGTVLETLPNTMFRVELENGHVVTAHISGKMRKNYIRILTGDKVTVELTPYDLSKGRIVFRSR	0.99025	1
MAKEDNIEMQGTVLETLPNTMFRVELENGHVVTAHISGKMRKNYIRILTGDKVTVELTGYDLSKGRIVFRSR	0.9455	1
MAKEDNIEMQGTVLETLPNTMFRVELENGHVVTAHISGKMRKNYIRILTGDKVTVELTPYDLSKCRIVFRSR	0.9165	1
MAKEDNIEMQGTVLETLPNTMFRVELENKHVVTAHISGKMRKNYIRILTGDKVTVELTPYDLSKGRIVFRSR	1.011	1
MAKEDNIEMQGTVLETLPNTMFRVELENGHVVQAHISGKMRKNYIRILTGDKVTVELTPYDLSKGRIVFRSR	1.0045	1
MAKEDNIEMQGTVLETLPNTMFRVEGENGHVVTAHISGKMRKNYIRILTGDKVTVELTPYDLSKGRIVFRSR	0.69625	0
MAKEDNIERQGTVLETLPNTMFRVELENGHVVTAHISGKMRKNYIRILTGDKVTVELTPYDLSKGRIVFRSR	0.7785	0
MAKEDNIEMQGTVQETLPNTMFRVELENGHVVTAHISGKMRKNYIRILTGDKVTVELTPYDLSKGRIVFRSR	0.968	1
MAKEDNIEMQGTVLETFPNTMFRVELENGHVVTAHISGKMRKNYIRILTGDKVTVELTPYDLSKGRIVFRSR	0.9705	1
MAKEDNIEMQGTVLETLPNTMFRVELENGHVVTAHISGKMRKNYIRILTGDYVTVELTPYDLSKGRIVFRSR	0.9545	1
MAKEDNIEMQGTVLETLPNTMFRVELENGHVVTAHISGKMRKNYIRILTGDKVTVELTPVDLSKGRIVFRSR	0.96225	1
MAKEDNIEMQGTVLETLRNTMFRVELENGHVVTAHISGKMRKNYIRILTGDKVTVELTPYDLSKGRIVFRSR	0.9165	1
MAKEDDIEMQGTVLETLPNTMFRVELENGHVVTAHISGKMRKNYIRILTGDKVTVELTPYDLSKGRIVFRSR	1.0075	1
MAKEDNIEMQGTVLETLPNTMFRVELENGHVVTAHISGKMRKNYIRILTGDKVTVELTPADLSKGRIVFRSR	0.93825	1
MAKEDNIEMQGTVLETLPNTMFRVELENGHVVTAHISGKMRLNYIRILTGDKVTVELTPYDLSKGRIVFRSR	0.8926666670000001	1
MAKEDEIEMQGTVLETLPNTMFRVELENGHVVTAHISGKMRKNYIRILTGDKVTVELTPYDLSKGRIVFRSR	0.9795	1
MAKEDNIEMQGTVLETLPNTMFRVELENGHVVTAHISGKMRKNYIRILTGDWVTVELTPYDLSKGRIVFRSR	0.97	1
MAKEDNIEMQGTVLETLPNTMFRVELENGHVVTAHISGKMRKNYIRILTGDKVTCELTPYDLSKGRIVFRSR	0.978	1
MAKEDNIEMQGTVLETLPNTMFRVELENGHVVTAHISGKMRKNYIRILTGDKVTVELTPYDLSKQRIVFRSR	0.0705	0
MAKEDNIEMQGTVLETLPNTMFRVELENGHVVTAHISGKMRKNYIRILTGKKVTVELTPYDLSKGRIVFRSR	0.318	0
MAKEDNIEMQGTVLETLPNTMFRVELENGHVVTAHISGKMRKNYIRILTGDKVTVELTPYDLSKGAIVFRSR	0.3795	0
MAKEDNIEMQGTVLEQLPNTMFRVELENGHVVTAHISGKMRKNYIRILTGDKVTVELTPYDLSKGRIVFRSR	0.984	1
MAKEDNIEMQGTVLETLPNTMFRVELENGHVVTAHISGKMRKNYIRILTGDKVTVELTPYDLSKGRIVFWSR	0.254	0
MAKEDNIEMQGTVLETLPNTMFRVELENGHVVTAHISGKMRKNYIRILTGDKVTVELTPYQLSKGRIVFRSR	0.826	1
MAKEDNIEMQGTVLETLPNTHFRVELENGHVVTAHISGKMRKNYIRILTGDKVTVELTPYDLSKGRIVFRSR	0.9985	1
MAKEDNIEMQGTKLETLPNTMFRVELENGHVVTAHISGKMRKNYIRILTGDKVTVELTPYDLSKGRIVFRSR	-0.0975	0
MAKEDNIEMQGTVLETLPNTMFRVELENGHVVTAHISGKMRKNYIRILTGDKVTVELTPYYLSKGRIVFRSR	0.9435	1
MAKEDNIEMQGTVLETLPNTMFRVELENGHVVTAHISGKMRKNYIRILAGDKVTVELTPYDLSKGRIVFRSR	0.93125	1
MAKEDNIEMQGTVLETDPNTMFRVELENGHVVTAHISGKMRKNYIRILTGDKVTVELTPYDLSKGRIVFRSR	0.9785	1
MAKEDNIEMQGTVLETLPNTMFRVELENGHVVTAHISGKMRKNYIRILTGDKQTVELTPYDLSKGRIVFRSR	0.1515	0
MAKEDNIEMQGTVLETLPNTMFRVELENGHVVTAHISGKMRKNYIRILTGDKVTVELTHYDLSKGRIVFRSR	0.9315	1
MAKEDNIEMQGTVVETLPNTMFRVELENGHVVTAHISGKMRKNYIRILTGDKVTVELTPYDLSKGRIVFRSR	0.9555	1
MAKEDNIEMQGTVLETLPNTMFRVELENGHVVTAHISGKMRKNYIRILTGDSVTVELTPYDLSKGRIVFRSR	0.9645	1
MAKEDNIEMQGTVLETLPNTMFRVELENGHVVTAHISGKMRKNYIRILTGLKVTVELTPYDLSKGRIVFRSR	0.331666667	0
MAKTDNIEMQGTVLETLPNTMFRVELENGHVVTAHISGKMRKNYIRILTGDKVTVELTPYDLSKGRIVFRSR	0.997	1
MAKEDAIEMQGTVLETLPNTMFRVELENGHVVTAHISGKMRKNYIRILTGDKVTVELTPYDLSKGRIVFRSR	0.7175	0
MAKEDNIEMQGTVLETLPNTMFRVELENGHVVTAHISEKMRKNYIRILTGDKVTVELTPYDLSKGRIVFRSR	0.507	0
MVKEDNIEMQGTVLETLPNTMFRVELENGHVVTAHISGKMRKNYIRILTGDKVTVELTPYDLSKGRIVFRSR	1.03275	1
MAKEDNIEMQGTVLETLPNTMFRVELENGHVVTAHISGKMRKNYIRILTGDKTTVELTPYDLSKGRIVFRSR	0.949	1
MAKEDNIEMQGTVLETLPNTMFRDELENGHVVTAHISGKMRKNYIRILTGDKVTVELTPYDLSKGRIVFRSR	0.0325	0
MAKEDNIEMQGTVLETLPNTMFRFELENGHVVTAHISGKMRKNYIRILTGDKVTVELTPYDLSKGRIVFRSR	0.1165	0
MAKEDNIEMQGTVLETLPNTMFRVELENGHVVTAHISGKMRKNYIRILTGDKVTVHLTPYDLSKGRIVFRSR	0.987	1
MAKEDNIEMQGTVLETLPNTMFRVELENGHVVTAHISGKMRKNYIRILTIDKVTVELTPYDLSKGRIVFRSR	0.877	1
MAKEDNIEMQGTVLETLPNTMFRVELENGHVVTAHISGKMRKNYIRDLTGDKVTVELTPYDLSKGRIVFRSR	0.0235	0
MAKETNIEMQGTVLETLPNTMFRVELENGHVVTAHISGKMRKNYIRILTGDKVTVELTPYDLSKGRIVFRSR	1.024	1
MAKEVNIEMQGTVLETLPNTMFRVELENGHVVTAHISGKMRKNYIRILTGDKVTVELTPYDLSKGRIVFRSR	1.0095	1
MAKEDNIEMQGTVLETLPNTMFRVELENGHVVTAHISGKMRKNYIRILTGDKVTVELTPYDLSRGRIVFRSR	0.829833333	1
MAKEMNIEMQGTVLETLPNTMFRVELENGHVVTAHISGKMRKNYIRILTGDKVTVELTPYDLSKGRIVFRSR	1.038	1
MAKEDNIEMQGTVLETLPNTMFRVWLENGHVVTAHISGKMRKNYIRILTGDKVTVELTPYDLSKGRIVFRSR	0.98	1
MAKEDNIEMQGTVLETLPNTMFRVELENGHVVTAHISGKMRKNFIRILTGDKVTVELTPYDLSKGRIVFRSR	1.12	1
MAKEDNIEMQGTVLETLPNTMFRVELENGHVVTAHISGKMRKNYIRILTGDKVTVELTPYDLSDGRIVFRSR	0.3255	0
MAKEDNIEMQGTVLETLPNTMFRLELENGHVVTAHISGKMRKNYIRILTGDKVTVELTPYDLSKGRIVFRSR	0.995333333	1
MAKEDNIEMQGTVLETLPNTMFRVELENGHVVTQHISGKMRKNYIRILTGDKVTVELTPYDLSKGRIVFRSR	0.3235	0
MAKEDNIEMQGTVLETLPNTMFRVELENGHVVTAHISGKVRKNYIRILTGDKVTVELTPYDLSKGRIVFRSR	0.93025	1
MAKEDNIEMQGTVLETLPNTMFRVELENGHVVTAHISGKMRKNYIRILTGDKVTVELIPYDLSKGRIVFRSR	0.942	1
MAKEDNIEMQGTVLETLPNTMQRVELENGHVVTAHISGKMRKNYIRILTGDKVTVELTPYDLSKGRIVFRSR	0.9945	1
MAKEDNIEMQGTVLETLPNTMFRVELENGHVVTAHISGKMRKNYIRILTGDKVTVELTPYDLWKGRIVFRSR	0.84	1
MAKEDNIEMQGTVLETLPNTMFRVELENGHVVTAHISGKMRYNYIRILTGDKVTVELTPYDLSKGRIVFRSR	0.905	1
MAKEDNIEMQGTVLETLPNTMFRVELENGHVVTAHISGKMRKNYIRILTGDKVIVELTPYDLSKGRIVFRSR	0.945	1
MAKEDQIEMQGTVLETLPNTMFRVELENGHVVTAHISGKMRKNYIRILTGDKVTVELTPYDLSKGRIVFRSR	1.0045	1
MAKEDNIEMQGTVLETLPNTMFRVELENGHVVWAHISGKMRKNYIRILTGDKVTVELTPYDLSKGRIVFRSR	0.991	1
MAKEDNIEMQGTVLETLPNTMFRVELENGHVVTAHISGKMRKNYINILTGDKVTVELTPYDLSKGRIVFRSR	0.742	0
MAKEDNIEMQGTVLETLPNTMFRVELENGHVVTAHISGKMRVNYIRILTGDKVTVELTPYDLSKGRIVFRSR	0.88	1
MAKFDNIEMQGTVLETLPNTMFRVELENGHVVTAHISGKMRKNYIRILTGDKVTVELTPYDLSKGRIVFRSR	1.0455	1
MAKEDNIEMQGTVLVTLPNTMFRVELENGHVVTAHISGKMRKNYIRILTGDKVTVELTPYDLSKGRIVFRSR	0.93775	1
MAKEDNIEMQGTVLETLPNTMFRVELENGHVVTAHISGKMRKNYLRILTGDKVTVELTPYDLSKGRIVFRSR	0.768833333	0
MAKEDNIEMQGTGLETLPNTMFRVELENGHVVTAHISGKMRKNYIRILTGDKVTVELTPYDLSKGRIVFRSR	0.047	0
MAKEDNIEMQGRVLETLPNTMFRVELENGHVVTAHISGKMRKNYIRILTGDKVTVELTPYDLSKGRIVFRSR	0.977833333	1
MAKEDNIDMQGTVLETLPNTMFRVELENGHVVTAHISGKMRKNYIRILTGDKVTVELTPYDLSKGRIVFRSR	0.8959999999999999	1
MAKEDNIEMQGTVLETLPNTMFRVELENGHVVTAHISGKMRKNYIRILTGDKVTVELTPYDLSKGRIVARSR	0.82425	1
MAKEDNIEMQGTVLETLPNDMFRVELENGHVVTAHISGKMRKNYIRILTGDKVTVELTPYDLSKGRIVFRSR	0.8809999999999999	1
MAKEDNFEMQGTVLETLPNTMFRVELENGHVVTAHISGKMRKNYIRILTGDKVTVELTPYDLSKGRIVFRSR	1.0245	1
MAKEDNIEMQGTVLETLPNTMFRVELENGHVVTAHISGKMRKNYIRILTGDKVTPELTPYDLSKGRIVFRSR	0.09925	0
MAKEDNIEMQGTVAETLPNTMFRVELENGHVVTAHISGKMRKNYIRILTGDKVTVELTPYDLSKGRIVFRSR	0.95125	1
MAKEDNIEMQGTVLETLPNTMFRVELENGHVVTAHISGKMRKNYIRILTGDKVTVELTPYDLSKGRIVFISR	0.474333333	0
TAKEDNIEMQGTVLETLPNTMFRVELENGHVVTAHISGKMRKNYIRILTGDKVTVELTPYDLSKGRIVFRSR	0.08725	0
MAKEDNIEMQGTVLETLPNTMFRCELENGHVVTAHISGKMRKNYIRILTGDKVTVELTPYDLSKGRIVFRSR	1.004	1
MAKEDNIEMQGTVGETLPNTMFRVELENGHVVTAHISGKMRKNYIRILTGDKVTVELTPYDLSKGRIVFRSR	0.9595	1
MAKEDNIEMQGTVLETLPNTMFRVELENGHVQTAHISGKMRKNYIRILTGDKVTVELTPYDLSKGRIVFRSR	0.9965	1
MAKEDNIEMQGTVLETLPNTGFRVELENGHVVTAHISGKMRKNYIRILTGDKVTVELTPYDLSKGRIVFRSR	0.98975	1
MAKEDNIEMQGTVLETLPNTMFRVELENGHVVTAHISGKMRKNYIRILTDDKVTVELTPYDLSKGRIVFRSR	0.9125	1
MAKEDNIEMQGTVLETLPNTMFRVELENGHVVTAHISGKMRKNYIRILTGDKVTVELNPYDLSKGRIVFRSR	0.952	1
MAKEDNIEMQGTVLETLPNTMFRVELENGCVVTAHISGKMRKNYIRILTGDKVTVELTPYDLSKGRIVFRSR	1.001	1
MAKEDNIEMQGTVLETLPNTMFRVCLENGHVVTAHISGKMRKNYIRILTGDKVTVELTPYDLSKGRIVFRSR	0.996	1
MAKEDNIEMQGTVLETLPNTMFRVELENGHVVTAHISGKMRKNYIRILTGDKVTVELTPYDLSKGRLVFRSR	0.9595	1
MAKEDNIGMQGTVLETLPNTMFRVELENGHVVTAHISGKMRKNYIRILTGDKVTVELTPYDLSKGRIVFRSR	0.7705	0
MAKEDNIEMQGTVLETLPNTMFRVELCNGHVVTAHISGKMRKNYIRILTGDKVTVELTPYDLSKGRIVFRSR	0.7929999999999999	0
MAKEDNIEMQGTVLETLPNTMFRVELENGHVVTAHISGKMRKNYIRILTGDKVTVELTPYDLSKGRGVFRSR	0.2655	0
MAKEDNIEMQGTVLETLPNTMFRVELENYHVVTAHISGKMRKNYIRILTGDKVTVELTPYDLSKGRIVFRSR	0.977	1
MAKEDNIEMAGTVLETLPNTMFRVELENGHVVTAHISGKMRKNYIRILTGDKVTVELTPYDLSKGRIVFRSR	0.71325	0
MAKEDNIEMQGTVLETLPNTMFRVELENGHVVTAHISGKMRKNYIRILTGDKVTVELTPYDLSKGRIVFLSR	0.6303333329999999	0
MAKEDNIEMQGTVLETLPNTMFRVELENGHVVTAHIWGKMRKNYIRILTGDKVTVELTPYDLSKGRIVFRSR	0.609	0
MAKEDNIEMQGTVLETLPNTMFRVELENGHVVTAHISGKMRKNYIRILTGDKVTVELTPYNLSKGRIVFRSR	0.9745	1
MAKEDNIEMQGTVLETLPNTMFRVELENGHVVTAHISGKMRKNYIRILTGDKVTVELTPYDHSKGRIVFRSR	0.9665	1
MAKEDNIEMQGTVLETLPNTMFRVELENGHVVTAHISGKMRKHYIRILTGDKVTVELTPYDLSKGRIVFRSR	0.9915	1
MAKEDNIEMQGTVLETLPNTMFRVELENGHVVTAHISGKMRKNYIRILTGDKVTVELTPYDLAKGRIVFRSR	0.75	0
MAKEDNIEMQGTVLETLPNTMFRVELENGHVVTAHISGKMRKNYIRILTGDKVTVELTPYDLSKGRIVFRSP	0.9095	1
RAKEDNIEMQGTVLETLPNTMFRVELENGHVVTAHISGKMRKNYIRILTGDKVTVELTPYDLSKGRIVFRSR	0.076333333	0
MAKEDNIEMQGTVLETLPNTMFRVELENGHVVTAHISGKMRKNYIRILTGDKVTVELTPYDLSKGRILFRSR	0.982333333	1
MAKEDNIEMQGTVLETLPNTMFRVELENGHVVTAHRSGKMRKNYIRILTGDKVTVELTPYDLSKGRIVFRSR	0.9555	1
MAKEDNIEMQGTVLETLPNTMFRVELENGHVVTAHISGKMRKNYIRILTGDKVTVEFTPYDLSKGRIVFRSR	0.887	1
MAKEDNIEMQGTVLETLPETMFRVELENGHVVTAHISGKMRKNYIRILTGDKVTVELTPYDLSKGRIVFRSR	0.998	1
MAKEDNIEMQGTVLETLHNTMFRVELENGHVVTAHISGKMRKNYIRILTGDKVTVELTPYDLSKGRIVFRSR	0.989	1
MAKEDNIEMQGTVLETLPNTMFRVELENGHVVTAHISGKMRKNYIRILTHDKVTVELTPYDLSKGRIVFRSR	0.9015	1
MAKEDNIEMQGTVLETLPNTMFRVELENGHVVTAHISGKMRKNYIRILTGDKVTVELTPYDLSWGRIVFRSR	0.773	0
MAKEDNIEMQGTVLETLPNTMFRVELENGHVVTAHISGKMRKNYIRILTGDKVTVELTPYDLSKGRIVFRGR	0.99575	1
MAKEDNIEMQGTVKETLPNTMFRVELENGHVVTAHISGKMRKNYIRILTGDKVTVELTPYDLSKGRIVFRSR	0.959	1
MAKEDNIEMQGTVLETLPNTMFRVELENGHVVTAHISGKMRKNYIRILTGDKVTVEHTPYDLSKGRIVFRSR	0.8955	1
MAKEDNIEMQGTVLETLPNCMFRVELENGHVVTAHISGKMRKNYIRILTGDKVTVELTPYDLSKGRIVFRSR	0.979	1
MAKEDNIEMQGTVLETLPNTMFRVELENGHVVTAHISGKMRKNYIRILTGDKITVELTPYDLSKGRIVFRSR	0.904	1
MAKEDNIEMQGTVLETLPNTMFRVELENGHVVTAHISGKMRKNYIRILTGDKVTRELTPYDLSKGRIVFRSR	0.0015	0
MAKEDNIIMQGTVLETLPNTMFRVELENGHVVTAHISGKMRKNYIRILTGDKVTVELTPYDLSKGRIVFRSR	0.908666667	1
MAKEDNIEMQGTVLETLPNTMFRVELEDGHVVTAHISGKMRKNYIRILTGDKVTVELTPYDLSKGRIVFRSR	0.8435	1
MAKEDNIEMQGTVLETLPNTMFRVELENGHVVTAHISGKMRKNYIRILTGDKVTEELTPYDLSKGRIVFRSR	0.031	0
MAKEDNIEMQGTVLETLPNTMFRVELENGHVVTAHISGKMRKNYQRILTGDKVTVELTPYDLSKGRIVFRSR	0.78	0
MAKEDNIEMQGTVLETLPNTMFRVELENGHVVTAHISGKMRKNYIRILTGDDVTVELTPYDLSKGRIVFRSR	0.942	1
MAKEDNIEMQGTVLETLPNTMFRVELENGHVVTAHISGKMRKNYIRILTGDKVTVELTPYDLSKGRIVPRSR	0.15425	0
MAKEDNIEMQGTVLETLPNTMFRMELENGHVVTAHISGKMRKNYIRILTGDKVTVELTPYDLSKGRIVFRSR	0.917	1
MAKEDNIEMQGTVLETLPNTMFRVELENPHVVTAHISGKMRKNYIRILTGDKVTVELTPYDLSKGRIVFRSR	0.706	0
MAKEDNIEMQGTVLETLPNTMFRVELENGHVVTAHISGKMRKNYIRILTQDKVTVELTPYDLSKGRIVFRSR	0.8925	1
MAKEDNIEMQGYVLETLPNTMFRVELENGHVVTAHISGKMRKNYIRILTGDKVTVELTPYDLSKGRIVFRSR	0.9795	1
MAKEDNIEMQGTVLETLPNTMFRVELENGHVVTAHISGKMRKNYIRILTGDKVTSELTPYDLSKGRIVFRSR	0.855833333	1
MAKEDNIEMQGTNLETLPNTMFRVELENGHVVTAHISGKMRKNYIRILTGDKVTVELTPYDLSKGRIVFRSR	0.8555	1
MAKEDNIEMQGTVLETLPNTMFRVELENGHVVTAHISGKMRKNYIRILTGDKVTVELTPYDLNKGRIVFRSR	0.8445	1
MAKEDNIEMQGMVLETLPNTMFRVELENGHVVTAHISGKMRKNYIRILTGDKVTVELTPYDLSKGRIVFRSR	1.012	1
MAKEQNIEMQGTVLETLPNTMFRVELENGHVVTAHISGKMRKNYIRILTGDKVTVELTPYDLSKGRIVFRSR	1.0295	1
MAKEDNIYMQGTVLETLPNTMFRVELENGHVVTAHISGKMRKNYIRILTGDKVTVELTPYDLSKGRIVFRSR	0.9315	1
MAKEDNIEMQGTVLETLPNTMFRVELENGHVVTAHISGKMRKNYIRILTGDKVTVELTPYDSSKGRIVFRSR	0.954333333	1
MAKEDNIEMQGTVLETLPNTMFRVELENGHVVTAHMSGKMRKNYIRILTGDKVTVELTPYDLSKGRIVFRSR	0.981	1
MAKEDNIEMQGTVLETLPNTMFRVELENGHVVTAHISGKMRKNYIRILTGDKVTVCLTPYDLSKGRIVFRSR	0.967	1
MAKEDNIEMQGTVLETLPNTMFRVELENGHVVTAHISGKMRKNYIRIVTGDKVTVELTPYDLSKGRIVFRSR	0.43825	0
MAKEDNIEMQGTVLETLPNTMFRVELENGHVVTAHISGKMRKNYIRILTVDKVTVELTPYDLSKGRIVFRSR	0.8895	1
MAKEDNIVMQGTVLETLPNTMFRVELENGHVVTAHISGKMRKNYIRILTGDKVTVELTPYDLSKGRIVFRSR	0.815	1
MAKEDNIEMQGTVLETLPNTMFRVELENGHVVTAHISGKMRKNYIRILTGDKVLVELTPYDLSKGRIVFRSR	0.951833333	1
MAKEDNIEMQGTVLETLPNTMLRVELENGHVVTAHISGKMRKNYIRILTGDKVTVELTPYDLSKGRIVFRSR	0.8813333329999999	1
MAKEDNIEMQGTVLETLPNTMFRVELENGHVVTAHISGKMRKNYIRILTGDKVTVEGTPYDLSKGRIVFRSR	0.93825	1
MAKEDNIEMQGTVLETLPNTMFRVELKNGHVVTAHISGKMRKNYIRILTGDKVTVELTPYDLSKGRIVFRSR	0.8315	1
MAKEDNIEMQGTVLETLPNTMFRVELENGHVVTAHISGKMRKNYIRILTGDKVTVELHPYDLSKGRIVFRSR	0.9305	1
MAKEDNIEMQGTVLETLPNTMFRVELGNGHVVTAHISGKMRKNYIRILTGDKVTVELTPYDLSKGRIVFRSR	0.81225	1
MAKEDNIEMQGTVLETLPNTMFRVELENGHVVTAHISGKMRKNYIGILTGDKVTVELTPYDLSKGRIVFRSR	0.77525	0
MAKEDNIEMQGTVLETLPKTMFRVELENGHVVTAHISGKMRKNYIRILTGDKVTVELTPYDLSKGRIVFRSR	1.0135	1
MAKEDNIEMQGTVLETLPNTKFRVELENGHVVTAHISGKMRKNYIRILTGDKVTVELTPYDLSKGRIVFRSR	1.0085	1
HAKEDNIEMQGTVLETLPNTMFRVELENGHVVTAHISGKMRKNYIRILTGDKVTVELTPYDLSKGRIVFRSR	0.1475	0
MAKEDNIEMQGTVLETLPNYMFRVELENGHVVTAHISGKMRKNYIRILTGDKVTVELTPYDLSKGRIVFRSR	0.965	1
MAKEDNIEMQGTVLETLPNTMFRVELENGHVVTAHISGKMRKNYIRILTGDKVTVELTPYDLSKGRIVYRSR	0.9935	1
MAKEDNIEMQGTVLETLPNTMFRVEAENGHVVTAHISGKMRKNYIRILTGDKVTVELTPYDLSKGRIVFRSR	0.70975	0
MAKEDNIEMQGTVLETLPNTMFRVELENGHVVTAHISGKMRKNYIRILTGDKVTVELTPYDTSKGRIVFRSR	0.9735	1
MAKEDNIEMQGTVLETLPNTMFRVELENGHVVTAHISGKMRKNYIRILTGDKGTVELTPYDLSKGRIVFRSR	0.75125	0
MAKEDNIEMQGTVLETLPNTMFRVELENGHVVTAHISGKMRKNYIRILTGDKPTVELTPYDLSKGRIVFRSR	0.47475	0
MAKEDNIEMQGTVLETLPNTMFRVELENGHVVTAHISGKMRKNYIRILTGDAVTVELTPYDLSKGRIVFRSR	0.951	1
MAKEDNIEMQGTVLETLPNTMFRVELENGHVVTAHISGKMRKNYIRINTGDKVTVELTPYDLSKGRIVFRSR	0.9345	1
MAKEDNIEMQGTVLETLPNTMFRVELENGHVVTAHISGKMRKNYITILTGDKVTVELTPYDLSKGRIVFRSR	0.72725	0
MAKEDNIEMSGTVLETLPNTMFRVELENGHVVTAHISGKMRKNYIRILTGDKVTVELTPYDLSKGRIVFRSR	0.902666667	1
MAKEDNIEMQGTVLETLPNTMFRWELENGHVVTAHISGKMRKNYIRILTGDKVTVELTPYDLSKGRIVFRSR	-0.075	0
MAKEDNTEMQGTVLETLPNTMFRVELENGHVVTAHISGKMRKNYIRILTGDKVTVELTPYDLSKGRIVFRSR	0.882	1
MAKEDNIEMQGTVLETLPNTMFRVELENGHVVTAHISGKMRKNSIRILTGDKVTVELTPYDLSKGRIVFRSR	0.967833333	1
MAKEDNIEMQGTVLETLPNTMFRVELEPGHVVTAHISGKMRKNYIRILTGDKVTVELTPYDLSKGRIVFRSR	0.8205	1
MAKEDNIEMQGTVLETLPNTMFRVELENGHVVTAHISNKMRKNYIRILTGDKVTVELTPYDLSKGRIVFRSR	0.6505	0
MAKECNIEMQGTVLETLPNTMFRVELENGHVVTAHISGKMRKNYIRILTGDKVTVELTPYDLSKGRIVFRSR	1.0095	1
MAKEDNIEMQGTVLETLPNTMFRVELENGHVVTAHISGKMRKNYIRILTGDKVTVELTPYDLSKGRIVFQSR	0.2975	0
MAKEDNIEMHGTVLETLPNTMFRVELENGHVVTAHISGKMRKNYIRILTGDKVTVELTPYDLSKGRIVFRSR	0.9025	1
MAKEDNIEMQGTVLETLPNTMFRVELENGHVVTAHISGKMRKNYPRILTGDKVTVELTPYDLSKGRIVFRSR	0.7715	0
MAKEDNIEMQGTVLETLPNTMDRVELENGHVVTAHISGKMRKNYIRILTGDKVTVELTPYDLSKGRIVFRSR	0.239	0
MAKEDNIEMQGTVCETLPNTMFRVELENGHVVTAHISGKMRKNYIRILTGDKVTVELTPYDLSKGRIVFRSR	0.9565	1
MAKSDNIEMQGTVLETLPNTMFRVELENGHVVTAHISGKMRKNYIRILTGDKVTVELTPYDLSKGRIVFRSR	0.950833333	1
MAKEDNREMQGTVLETLPNTMFRVELENGHVVTAHISGKMRKNYIRILTGDKVTVELTPYDLSKGRIVFRSR	0.852666667	1
MAKEDNIEMQGTVLEKLPNTMFRVELENGHVVTAHISGKMRKNYIRILTGDKVTVELTPYDLSKGRIVFRSR	1.045	1
MAKEDNIEMQGTVLETLPNTMFRVELENGHVVTAHISGKMRKNYIRILTGDKVTVELTPYDLSKGRIVFRMR	0.998	1
MAKEDNIEMQGTVLETLENTMFRVELENGHVVTAHISGKMRKNYIRILTGDKVTVELTPYDLSKGRIVFRSR	0.528	0
MAKEDNIEMQGTVLETLPNTMFRVELENGHVVTAHISGKMRKNYIRILTGDKVTVELTPYDLSKGRIVFRIR	0.978333333	1
MAKEDNIEMQGTVLETLPNTMFRVELENGHVVTAHISGKMRKNYIRILTGDKVTVELTPYDLSKGREVFRSR	-0.0445	0
MAKEDNIEMQGTVLETLPNTMFRVELSNGHVVTAHISGKMRKNYIRILTGDKVTVELTPYDLSKGRIVFRSR	0.840833333	1
MAKEDNIEMQGTVLETLPNTMFRVELENGHVVTAHISGKMRKNYFRILTGDKVTVELTPYDLSKGRIVFRSR	0.79	0
MAKEDNIEMQGTVLETLPNQMFRVELENGHVVTAHISGKMRKNYIRILTGDKVTVELTPYDLSKGRIVFRSR	0.971	1
MAKEDNIEMQGTVLETLPNTMFRVELINGHVVTAHISGKMRKNYIRILTGDKVTVELTPYDLSKGRIVFRSR	0.835333333	1
MAKEDNIEMQGTVLETLPNTMFRVELENGHVVTAHISGKMRKNYIRILTGDKVTVELTPYDLSKGRIEFRSR	0.938	1
MAKEDNIEMQGTVLETLWNTMFRVELENGHVVTAHISGKMRKNYIRILTGDKVTVELTPYDLSKGRIVFRSR	0.603	0
MAKEDNIEMQGTVLETLPNTMFAVELENGHVVTAHISGKMRKNYIRILTGDKVTVELTPYDLSKGRIVFRSR	0.9835	1
MAKEDNIEQQGTVLETLPNTMFRVELENGHVVTAHISGKMRKNYIRILTGDKVTVELTPYDLSKGRIVFRSR	0.7759999999999999	0
MHKEDNIEMQGTVLETLPNTMFRVELENGHVVTAHISGKMRKNYIRILTGDKVTVELTPYDLSKGRIVFRSR	1.0095	1
MAKEDNIEMQGTVLETLPNTMFRVELESGHVVTAHISGKMRKNYIRILTGDKVTVELTPYDLSKGRIVFRSR	0.846	1
MAKEDNIEMQETVLETLPNTMFRVELENGHVVTAHISGKMRKNYIRILTGDKVTVELTPYDLSKGRIVFRSR	-0.0685	0
MAKEDNIEMQGTVLETLPNTMFRVELENGHVVTAHISGKMRKDYIRILTGDKVTVELTPYDLSKGRIVFRSR	0.591	0
MAKEDNIEMQGTVLETLPNTMFRVELENGHVVTAHISGKMRKNYIRILTGDKVTNELTPYDLSKGRIVFRSR	0.483	0
MAKEDNIELQGTVLETLPNTMFRVELENGHVVTAHISGKMRKNYIRILTGDKVTVELTPYDLSKGRIVFRSR	0.7255	0
MAKEDNIEMQGTVLETLPNTMFRVELENGHVVTAHISGKMRKNYIRILTGDFVTVELTPYDLSKGRIVFRSR	0.955	1
MAKEDNIEMQGTVLETLPNTMFRVELENGHVVTANISGKMRKNYIRILTGDKVTVELTPYDLSKGRIVFRSR	0.987	1
MAKEDNIEMRGTVLETLPNTMFRVELENGHVVTAHISGKMRKNYIRILTGDKVTVELTPYDLSKGRIVFRSR	0.921666667	1
MAKEDNIEMQGTVLETLPNTMFRVELEQGHVVTAHISGKMRKNYIRILTGDKVTVELTPYDLSKGRIVFRSR	0.8445	1
MAKEDNIEMQGTVLETLPNTMFRVELENGHVVTAHISGKMRKNYIRILTGDKVTVELTFYDLSKGRIVFRSR	0.95	1
MAKEDNIEMQGTVLETLPNTMFRVELENGHVVTAHISGKMRKNYIRIKTGDKVTVELTPYDLSKGRIVFRSR	0.9155	1
MAKEDNIEMQGTVLETLPNTMFRVEHENGHVVTAHISGKMRKNYIRILTGDKVTVELTPYDLSKGRIVFRSR	0.6685	0
MAKLDNIEMQGTVLETLPNTMFRVELENGHVVTAHISGKMRKNYIRILTGDKVTVELTPYDLSKGRIVFRSR	0.9845	1
MAKEDNIEMQGTVLETLPNTMFRVELENGHVVTAHISGKMRKNYIRILTGDKVTVELTPYPLSKGRIVFRSR	0.74425	0
MAKEDNIEMQGTVLETLPNTMFRVELENGHWVTAHISGKMRKNYIRILTGDKVTVELTPYDLSKGRIVFRSR	1.012	1
MAKEDNIEMQGTVLETLPNTMFRVELENGHVVTAHISGKMRKNYIRILTGDKKTVELTPYDLSKGRIVFRSR	0.024	0
MAKEDNIEMQGTVLETLPNTMFRVELENGHVVTATISGKMRKNYIRILTGDKVTVELTPYDLSKGRIVFRSR	0.9995	1
MAKEDNIEMQGTLLETLPNTMFRVELENGHVVTAHISGKMRKNYIRILTGDKVTVELTPYDLSKGRIVFRSR	0.938666667	1
MAKEDNIEMQGTVLETLPNTMFRVELENGHVVTAHISGNMRKNYIRILTGDKVTVELTPYDLSKGRIVFRSR	0.8345	1
MAKEDNIEMQGKVLETLPNTMFRVELENGHVVTAHISGKMRKNYIRILTGDKVTVELTPYDLSKGRIVFRSR	0.9825	1
MAKEDNIENQGTVLETLPNTMFRVELENGHVVTAHISGKMRKNYIRILTGDKVTVELTPYDLSKGRIVFRSR	0.7675	0
MAKEDNINMQGTVLETLPNTMFRVELENGHVVTAHISGKMRKNYIRILTGDKVTVELTPYDLSKGRIVFRSR	0.9755	1
MAKEDNIEMQGTVLETLPNTMFRVELENGHVVTAHISGKMRKNYIRILTGDKHTVELTPYDLSKGRIVFRSR	-0.0069999999999999	0
MAKEDNIEMQGTVLETLPNTMFRVELENGHVVTAHISGKMRKNYIRILTFDKVTVELTPYDLSKGRIVFRSR	0.8925	1
MAKEDNIEMQGTVLETLPNTMFRVELENGHVVTAHISGKMRKNYIRILTGDKVTVELTPEDLSKGRIVFRSR	0.931	1
MAKEDNIEMDGTVLETLPNTMFRVELENGHVVTAHISGKMRKNYIRILTGDKVTVELTPYDLSKGRIVFRSR	0.956	1
MAEEDNIEMQGTVLETLPNTMFRVELENGHVVTAHISGKMRKNYIRILTGDKVTVELTPYDLSKGRIVFRSR	0.918	1
MAKEDNIEMQGTVLETLPNTMFRVELENGHVVTAHIPGKMRKNYIRILTGDKVTVELTPYDLSKGRIVFRSR	0.30975	0
MAKEDKIEMQGTVLETLPNTMFRVELENGHVVTAHISGKMRKNYIRILTGDKVTVELTPYDLSKGRIVFRSR	1.007	1
MAAEDNIEMQGTVLETLPNTMFRVELENGHVVTAHISGKMRKNYIRILTGDKVTVELTPYDLSKGRIVFRSR	0.6885	0
MAKEDNIEMQGTVLETLPNTMFRVELENGDVVTAHISGKMRKNYIRILTGDKVTVELTPYDLSKGRIVFRSR	0.938	1
MAKEDNIEMQGTVLETLPNTMFRVELENGHVVTAHISGKMRKNYIRILTGDKVTVELTPYDLSKGRIVFYSR	0.3735	0
MAKEDNIEMQGTVLETLPNTMFRVELENGHVVTAHISGKMRKNYIRILTGDKVTVELTPYDASKGRIVFRSR	0.95125	1
MAKEDNIEMQGTVLETLPNTMFRVELENGHVVTAHISGKMRKNYIRILTGDKVTVELTPYDLSKGRIVFGSR	0.51225	0
MAKEDNIEMQGTVLETLPNTMFRVEMENGHVVTAHISGKMRKNYIRILTGDKVTVELTPYDLSKGRIVFRSR	0.826	1
MAKEDNIEMQGTVLETLPNTMFRVMLENGHVVTAHISGKMRKNYIRILTGDKVTVELTPYDLSKGRIVFRSR	1.009	1
MYKEDNIEMQGTVLETLPNTMFRVELENGHVVTAHISGKMRKNYIRILTGDKVTVELTPYDLSKGRIVFRSR	1.08	1
MAKEDNIEMQGTVLETLPNTMFRVELENGHVVTAHISGKMRKNYNRILTGDKVTVELTPYDLSKGRIVFRSR	0.8495	1
MAKEDNIEMQGTVLETLPNTMFRVELENGHVVTAHISGKMRKNYIWILTGDKVTVELTPYDLSKGRIVFRSR	0.178	0
MAKEDNIEMQGTVLETLPNTMFRVELENGHVVTAHISGKMRKNYIRILTGDEVTVELTPYDLSKGRIVFRSR	0.949	1
MAKEDNIEMQGTVLETLPNTMFRVELENGHVVTAHISGKMRKNYIRILTGDKVTVELTPYILSKGRIVFRSR	0.755	0
MAKEDNIEMQGTVLETLPNNMFRVELENGHVVTAHISGKMRKNYIRILTGDKVTVELTPYDLSKGRIVFRSR	0.9255	1
MAKEDNIEMQGTVLETLPNTMFRVELHNGHVVTAHISGKMRKNYIRILTGDKVTVELTPYDLSKGRIVFRSR	0.799	0
MAKEDNIEMQGTVLETLPNTMFRVELENGHVVTAHISGKMRKNYIRILTGDKVTVELTPYDLSGGRIVFRSR	0.691	0
MAKEDNIEMQGTVLETLPNTQFRVELENGHVVTAHISGKMRKNYIRILTGDKVTVELTPYDLSKGRIVFRSR	0.993	1
MAKEDNIEMQGTVLETLPNTMFRVELENGHVVTAHISGQMRKNYIRILTGDKVTVELTPYDLSKGRIVFRSR	0.8390000000000001	1
MAKEDNIEMQGTVLETLPNTMFRVELENGHVVTAHISSKMRKNYIRILTGDKVTVELTPYDLSKGRIVFRSR	0.427333333	0
MAKEDNIEMQGTVLETLPNTMFRVELENGHVVTAHISGKMRKNYIRILTGDKVTVELTPYDLSKGRIVFRAR	0.98075	1
MAKEDNIEMQGTVLETLPNTMFRTELENGHVVTAHISGKMRKNYIRILTGDKVTVELTPYDLSKGRIVFRSR	1.0045	1
MAKEDNIEMQGTVTETLPNTMFRVELENGHVVTAHISGKMRKNYIRILTGDKVTVELTPYDLSKGRIVFRSR	0.96	1
MAKEDNIEMQGTVLETLPNTMFRVELENGHVVTAHISGKMRKNYIRILTGDNVTVELTPYDLSKGRIVFRSR	0.9735	1
MAKEDNIEMQGTYLETLPNTMFRVELENGHVVTAHISGKMRKNYIRILTGDKVTVELTPYDLSKGRIVFRSR	-0.1105	0
MAKEDNIEMQGTVLETLPNTMFRHELENGHVVTAHISGKMRKNYIRILTGDKVTVELTPYDLSKGRIVFRSR	0.079	0
MAKEDNIEMQGTVLETLPNTYFRVELENGHVVTAHISGKMRKNYIRILTGDKVTVELTPYDLSKGRIVFRSR	0.991	1
MAKEDNIEMQGTVLETLPNTMFRVELENGHVVTAHISGKMRKNYIRILTGDKVTVELTPSDLSKGRIVFRSR	0.9215	1
MAKEDNIEMMGTVLETLPNTMFRVELENGHVVTAHISGKMRKNYIRILTGDKVTVELTPYDLSKGRIVFRSR	0.934	1
MCKEDNIEMQGTVLETLPNTMFRVELENGHVVTAHISGKMRKNYIRILTGDKVTVELTPYDLSKGRIVFRSR	0.8935	1
MAKEDNIEMQGTVLETLPNTMFRVELENGHVVTAHISGKMRKNYIRILTGDKVTVELTPYDLSAGRIVFRSR	0.76625	0
MAKEDNIEMQGTVLETLPNTMFRVELENGHVVTAHISGKMRKNYIRIETGDKVTVELTPYDLSKGRIVFRSR	0.8665	1
MAKEDNIEMQGTVLETLPWTMFRVELENGHVVTAHISGKMRKNYIRILTGDKVTVELTPYDLSKGRIVFRSR	1.002	1
MAKEDNIEMQGTVLETLPNTMFRVELENGHVVTAHISGKMRKNYIRRLTGDKVTVELTPYDLSKGRIVFRSR	0.194666667	0
MAKEDNIEMQGTVLETLPNTMFRVELENGHVMTAHISGKMRKNYIRILTGDKVTVELTPYDLSKGRIVFRSR	0.988	1
MAKIDNIEMQGTVLETLPNTMFRVELENGHVVTAHISGKMRKNYIRILTGDKVTVELTPYDLSKGRIVFRSR	1.015666667	1
MAKEDNIEMQGTVLATLPNTMFRVELENGHVVTAHISGKMRKNYIRILTGDKVTVELTPYDLSKGRIVFRSR	0.9415	1
MAKEDNIEMQGTVLETLPNTMFRVELENGHVVTAHISGKMRKNYIRILTGDKVTVELTQYDLSKGRIVFRSR	0.971	1
MAKEDNIEMQGTVLETLPNTMFRVELENGHVVTAHISGKMRKNYIRILTGDKVTVELTPYDLSKGRIPFRSR	0.70975	0
MAKEDNIEMQGTVLHTLPNTMFRVELENGHVVTAHISGKMRKNYIRILTGDKVTVELTPYDLSKGRIVFRSR	0.959	1
MAKEDNIEMQGTVLETLPNTMFRVELENGHVVTAHISGKMRKNYIRILTGDKVTVEETPYDLSKGRIVFRSR	0.8235	1
MAKEDNIEMQGTVLETLPNTMFRVELENGHVVTAHIRGKMRKNYIRILTGDKVTVELTPYDLSKGRIVFRSR	0.9795	1
MAKEDNIEMQGTVLETLPNLMFRVELENGHVVTAHISGKMRKNYIRILTGDKVTVELTPYDLSKGRIVFRSR	0.964333333	1
MAKEDNIEMQGTVLETLPNTMFRVELENGHVVTAHISGKMRKNYIRILTGDKVTVELTPYDLSKGRMVFRSR	0.985	1
MRKEDNIEMQGTVLETLPNTMFRVELENGHVVTAHISGKMRKNYIRILTGDKVTVELTPYDLSKGRIVFRSR	0.981166667	1
MAKEDNIEMQGTVLETLPNTMFRVELENGHVVTAHISGRMRKNYIRILTGDKVTVELTPYDLSKGRIVFRSR	0.961333333	1
MAKEDNIEMQGTVLETLPNTMFRVELENGHVVTAHISGKMRKNYIRILTGDKVTVELTPYDLSFGRIVFRSR	0.7255	0
MAKEDNIEMQGTVLETLPNTMFRVELENGHVVTAYISGKMRKNYIRILTGDKVTVELTPYDLSKGRIVFRSR	1.007	1
MAKEDNIEMQGTVLETLPNTMFRVELENGHVVTAHISGKMRKNYIRILMGDKVTVELTPYDLSKGRIVFRSR	0.969	1
MAKEDNIEMQGTVLETLPNTMFRVELENGHVVTAHISGKMRKNYIRILTGDKVTVELTPYDLSKGRIVERSR	0.7675	0
MAKEDNIEMQGTVLETLPNTMFRVELENCHVVTAHISGKMRKNYIRILTGDKVTVELTPYDLSKGRIVFRSR	1.0005	1
MAKEDNIEMQGTVLETLPNTMFRVELENGHVVTAHISGKMRKNYIRILTGDKVTVELVPYDLSKGRIVFRSR	0.951	1
MAKEDNIEMQGTVLETLPNTMFRVELENGHVVTAHIKGKMRKNYIRILTGDKVTVELTPYDLSKGRIVFRSR	0.9425	1
MAKEDNIEMQGTVLETLPNTMFRVELENGHVVTAHISGMMRKNYIRILTGDKVTVELTPYDLSKGRIVFRSR	0.792	0
MAKEDNIEMQCTVLETLPNTMFRVELENGHVVTAHISGKMRKNYIRILTGDKVTVELTPYDLSKGRIVFRSR	0.903	1
MAKEDNIEMQGTVLETLPNTMFRVYLENGHVVTAHISGKMRKNYIRILTGDKVTVELTPYDLSKGRIVFRSR	1.0035	1
MAKEDNIEMQGTVLETLPNTMFRVELENGHVVTAHISGKMRKNYICILTGDKVTVELTPYDLSKGRIVFRSR	0.7645	0
MAKEDNIEMQGTVLETLPNTAFRVELENGHVVTAHISGKMRKNYIRILTGDKVTVELTPYDLSKGRIVFRSR	0.98625	1
MAKEDNIEMQGTVLETLPNTMFRVELENGHVVTAHFSGKMRKNYIRILTGDKVTVELTPYDLSKGRIVFRSR	0.5329999999999999	0
MAKEDNIEMQGTVLETLPNTMFRVELENGHVVTAHISGKMTKNYIRILTGDKVTVELTPYDLSKGRIVFRSR	0.8595	1
MAKEDNIEMQGTVLETLPNTMFRVELENGHVVTAHISGKMRKNYIRILTGDKVTVELTPYDLSKGRIVFRVR	0.99075	1
MAKEDNIEMQGTVLETLPNTMFRVELENGHVVTAHISGGMRKNYIRILTGDKVTVELTPYDLSKGRIVFRSR	0.79425	0
MAKEDNIEMQGTVLETLPNTMFLVELENGHVVTAHISGKMRKNYIRILTGDKVTVELTPYDLSKGRIVFRSR	1.004833333	1
MAKEDNIEMQGTVLETLPNFMFRVELENGHVVTAHISGKMRKNYIRILTGDKVTVELTPYDLSKGRIVFRSR	0.971	1
MAKEDNIEMQGTVLETLPNTMGRVELENGHVVTAHISGKMRKNYIRILTGDKVTVELTPYDLSKGRIVFRSR	1.01625	1
MAKYDNIEMQGTVLETLPNTMFRVELENGHVVTAHISGKMRKNYIRILTGDKVTVELTPYDLSKGRIVFRSR	1.017	1
MAKEDNIEMQGTVLETLPNTMFRVELENGHVVTAHISGKMRKNYIRILTGDKVTVELTPYDLSKGRIRFRSR	0.984	1
MAKEDNIEMQGTVLETLPNTMFRVELENGHVVTAHISGKMRKNYIRILTGDKVTVERTPYDLSKGRIVFRSR	0.950333333	1
MAKEDNIEMQGTVLETLPNTMFRVELANGHVVTAHISGKMRKNYIRILTGDKVTVELTPYDLSKGRIVFRSR	0.8490000000000001	1
MAKEDNIEMQGTVLETLPNTMFRVELENGHVVTAHISGKMRKNIIRILTGDKVTVELTPYDLSKGRIVFRSR	0.948666667	1
MAKEDNIEMQITVLETLPNTMFRVELENGHVVTAHISGKMRKNYIRILTGDKVTVELTPYDLSKGRIVFRSR	-0.118333333	0
MAKEDNIEMQGTVLETLPNTMFRVELENGHVVIAHISGKMRKNYIRILTGDKVTVELTPYDLSKGRIVFRSR	1.016	1
MAKEDNGEMQGTVLETLPNTMFRVELENGHVVTAHISGKMRKNYIRILTGDKVTVELTPYDLSKGRIVFRSR	0.69125	0
MAKEDNIEMQGTVLETLPNTMFYVELENGHVVTAHISGKMRKNYIRILTGDKVTVELTPYDLSKGRIVFRSR	0.996	1
MAKEDNIEMQGTVLETLPNTMFRVELENGHVFTAHISGKMRKNYIRILTGDKVTVELTPYDLSKGRIVFRSR	0.9655	1
MAKEDNIEMQGTVLETLPNTMFRVELENGHVCTAHISGKMRKNYIRILTGDKVTVELTPYDLSKGRIVFRSR	0.97	1
MAKEDNIEMQGTVLETLPNTMFRVELENGHVVTAHISGKMRKNYIRILTGDKVTVELTPYDLSKGRIVKRSR	0.934	1
MAKEANIEMQGTVLETLPNTMFRVELENGHVVTAHISGKMRKNYIRILTGDKVTVELTPYDLSKGRIVFRSR	0.99075	1
MAKEDNIEMQGTVLETLPNTMFRVELENGHVVTAHISGKMRKNYHRILTGDKVTVELTPYDLSKGRIVFRSR	0.758	0
MAKEDNIEMQGTVLETLPNTMFRVELENGHVVTAHISGKMRKNYIRILTGDKVTVKLTPYDLSKGRIVFRSR	0.9745	1
MAKEDNIEMQGTVLETLPNTMFRVELENGHVVTAHISGKMRKNYIRILTGDKVTVELTPYDLSKGRIVVRSR	0.926	1
MAKEDNIEMQGTVLETLPNTMFRVELENGHVVTAHISGKRRKNYIRILTGDKVTVELTPYDLSKGRIVFRSR	0.240833333	0
MAKEDNIEMQGTVLETLPNTMFRVELTNGHVVTAHISGKMRKNYIRILTGDKVTVELTPYDLSKGRIVFRSR	0.8405	1
MAKEDNIEMQGTVLETLPNTMFRVELENGHVVTAHISGKMRKNYIRILTGDKVTVELTPYDLSKGRIVFRKR	0.9895	1
MAKEDNIEMQGTVLETLPNTMFRVELENGHVVTAHISGKMRKNYIRILTGDKVTVELTPYDLSKGRIVFFSR	0.2945	0
MAKEDNIEMQGTVLETLPNTMFRVELENGHVVTAHISGKMRKNYIRILTGDKVTVELFPYDLSKGRIVFRSR	0.8225	1
MAKEDNIEMQGTVLETLPNTMFRVELENGHVVTAHISGKMRKNYIRILTGDKVTVELTPYDLSKGRYVFRSR	0.111	0
WAKEDNIEMQGTVLETLPNTMFRVELENGHVVTAHISGKMRKNYIRILTGDKVTVELTPYDLSKGRIVFRSR	0.024	0
MAKEDNIEMQGTVLETLPNTIFRVELENGHVVTAHISGKMRKNYIRILTGDKVTVELTPYDLSKGRIVFRSR	0.986666667	1
MAKEDNIEMQGTVLETLPNTMFRVELENGHVVTAHISGKMRKNYIRILTGDKVTVPLTPYDLSKGRIVFRSR	0.10625	0
MAKEDNIEMQGTVLETLPNTMFRVELENGEVVTAHISGKMRKNYIRILTGDKVTVELTPYDLSKGRIVFRSR	0.9465	1
MAFEDNIEMQGTVLETLPNTMFRVELENGHVVTAHISGKMRKNYIRILTGDKVTVELTPYDLSKGRIVFRSR	0.905	1
MAKEDNIEMQGTVLETLPNTMFRVELENGHVVTAHISGKMRKNYRRILTGDKVTVELTPYDLSKGRIVFRSR	0.7175	0
MAKEDNIETQGTVLETLPNTMFRVELENGHVVTAHISGKMRKNYIRILTGDKVTVELTPYDLSKGRIVFRSR	0.72225	0
MAKEDNIEMQGTVLETLPNTMTRVELENGHVVTAHISGKMRKNYIRILTGDKVTVELTPYDLSKGRIVFRSR	0.98675	1
MAKEDNIEMQGTVLETLPNTMFRVELENGHFVTAHISGKMRKNYIRILTGDKVTVELTPYDLSKGRIVFRSR	1.007	1
MAKEDNIEMQGTVLETLPNTMFRVELENGHVVTAHISGKMRKNVIRILTGDKVTVELTPYDLSKGRIVFRSR	0.768	0
MAKEDNIEMQGTVLRTLPNTMFRVELENGHVVTAHISGKMRKNYIRILTGDKVTVELTPYDLSKGRIVFRSR	0.773833333	0
MAKEDNIEMQGTVLETLPNTMFRVELENGHVVTAHISGKMRKNYIRILTGDKVTKELTPYDLSKGRIVFRSR	-0.0245	0
MAKEDNIEMQGTVLETLPNTMFIVELENGHVVTAHISGKMRKNYIRILTGDKVTVELTPYDLSKGRIVFRSR	1.007666667	1
MAKEDNIEMQGTVLETLPNTMFRVELENGHVVTAHIMGKMRKNYIRILTGDKVTVELTPYDLSKGRIVFRSR	0.8420000000000001	1
MAKEDNIEMQGTVLETLPNTMFRVELENFHVVTAHISGKMRKNYIRILTGDKVTVELTPYDLSKGRIVFRSR	1.001	1
MAKEDNIEMQGTVLETLPNTMFRVELENGHVVTAHISGKMRKNYIRILTGDKVTVELTPYDLSKGRIQFRSR	0.952	1
MAKEDNIEMQGTVLETLPNTMFRVELENGHVVTAHGSGKMRKNYIRILTGDKVTVELTPYDLSKGRIVFRSR	0.9245	1
MAKEDNIEMQGTVLETLPNTMFRVELENGHVVTAHILGKMRKNYIRILTGDKVTVELTPYDLSKGRIVFRSR	0.54	0
MAKEDNIEMQGTVLETLPNTMFRVELENGHVVTAHISGKMRKNYIRILTGDKVTHELTPYDLSKGRIVFRSR	0.1605	0
MAKEDNIEMQGTVLETLPNTMFRVELENGHVVTAHISGKMRKNYIRILTGDKVTVELTPYDLSIGRIVFRSR	0.833666667	1
MAKEDNIEMQGTVLETLPNTMFRVELENGHVVTAHISGKMRKNYERILTGDKVTVELTPYDLSKGRIVFRSR	0.7565	0
MAKEDNIEMQGTVLETLPNTMFRVELENGHVVTAHISGKMRKNYIRILTGDKVTVELTPYDLSKGRIVFRRR	0.9955	1
MAKEDNIEIQGTVLETLPNTMFRVELENGHVVTAHISGKMRKNYIRILTGDKVTVELTPYDLSKGRIVFRSR	0.7709999999999999	0
MAKEDNIEMQGTVLETLPNTMFRVELENGHVVTAHISGKMRKNYIRISTGDKVTVELTPYDLSKGRIVFRSR	0.9215	1
MAKEDNIEMQGTVLETLPNTMFRVELENGHVVTAHISGKMRKNYIRILTGDKVTVELGPYDLSKGRIVFRSR	0.863	1
MAKEDNIEMQGTVIETLPNTMFRVELENGHVVTAHISGKMRKNYIRILTGDKVTVELTPYDLSKGRIVFRSR	0.973333333	1
MAKEDNIEMQGTVLETLPNTMFRVELENGHVVTAHISGKMRKNYIRILTGDKVTVEDTPYDLSKGRIVFRSR	0.269	0
MAKEDNIEMQGTVLETLSNTMFRVELENGHVVTAHISGKMRKNYIRILTGDKVTVELTPYDLSKGRIVFRSR	0.959	1
MAKEDNIEMQGTVLETLPNTMFRVELENGHVVTAHISGKMRKNYIRILTGDKVTVELTPYDLSKGRIGFRSR	0.936	1
DAKEDNIEMQGTVLETLPNTMFRVELENGHVVTAHISGKMRKNYIRILTGDKVTVELTPYDLSKGRIVFRSR	0.034	0
MAKEDNIEMQGTVLETLPNTMFRVELETGHVVTAHISGKMRKNYIRILTGDKVTVELTPYDLSKGRIVFRSR	0.78575	0
MAKEDNIEMQGTVLETLCNTMFRVELENGHVVTAHISGKMRKNYIRILTGDKVTVELTPYDLSKGRIVFRSR	0.948	1
MAKEDNIEMQGTVLETLPNTMFRVELENGHVVTAHISGKMIKNYIRILTGDKVTVELTPYDLSKGRIVFRSR	0.916333333	1
MAKEDNIEMQGTVLETLPNTMFRVELENGHVVEAHISGKMRKNYIRILTGDKVTVELTPYDLSKGRIVFRSR	0.9715	1
MAKEDNIEMQGTVLETLPNTMFRVELENGHVVTAHISGKMRKNYIRILTGDKVTVELTPYDLSHGRIVFRSR	0.7675	0
MAKEDNIEMQGTVLETLPNTMFRVELENGHVVTAHISGKMRKNYIRILTGDKVCVELTPYDLSKGRIVFRSR	0.9655	1
MAKEDNIEMQGTVLETLPNTMFRVELENGHVVTAHISGKMRKNYIRILTGDKVRVELTPYDLSKGRIVFRSR	0.977833333	1
MAKEDNIEMQGTVLETLPNTMFRVELENGHVVTAHISGKMRKNYIRIFTGDKVTVELTPYDLSKGRIVFRSR	0.917	1
MAKEDNIEMQGAVLETLPNTMFRVELENGHVVTAHISGKMRKNYIRILTGDKVTVELTPYDLSKGRIVFRSR	0.9815	1
MAKEDNIEMKGTVLETLPNTMFRVELENGHVVTAHISGKMRKNYIRILTGDKVTVELTPYDLSKGRIVFRSR	0.9455	1
MAKEDNIEMQGTVLETLPNTMFRVELENGHVVTAHISGKMRKNYIRILTGDKFTVELTPYDLSKGRIVFRSR	0.2105	0
MAKEDWIEMQGTVLETLPNTMFRVELENGHVVTAHISGKMRKNYIRILTGDKVTVELTPYDLSKGRIVFRSR	0.846	1
MAKEDNIEMQGTVLETLPNTMFRVELENGHVVTAHISGKMRKNYYRILTGDKVTVELTPYDLSKGRIVFRSR	0.8075	1
MAKEDNIEMQGTVLETLPNTMFRVELENGHVVTAHISGKWRKNYIRILTGDKVTVELTPYDLSKGRIVFRSR	0.146	0
MAKEDNIEMQGTVLETLPNTMFRVELEKGHVVTAHISGKMRKNYIRILTGDKVTVELTPYDLSKGRIVFRSR	0.9035	1
MAKEDNIEMQGTVLETLPNTMFRVELENGHVVTAHISGKMSKNYIRILTGDKVTVELTPYDLSKGRIVFRSR	0.854166667	1
MFKEDNIEMQGTVLETLPNTMFRVELENGHVVTAHISGKMRKNYIRILTGDKVTVELTPYDLSKGRIVFRSR	1.0605	1
MAKEDNIEMQGTVLETLPATMFRVELENGHVVTAHISGKMRKNYIRILTGDKVTVELTPYDLSKGRIVFRSR	0.998	1
MAKEDNIEMQGTVLETLPNTMFRVELENGHVVTAHISGPMRKNYIRILTGDKVTVELTPYDLSKGRIVFRSR	0.866	1
MAKEDNIEMQGTVLETLPNTMFRVELENGHVVTAHISGKMRKNYIRILTGDKVTVELTPIDLSKGRIVFRSR	0.962666667	1
MAKEDNIEMQGTVLETLPNTMFRVELENGHVVTAHISGKMRKNYIRILTGDKVTVELTPYDLSKGRAVFRSR	0.98075	1
MAKEDNIEMQGTVLETLPNTMFRVELENGHVVCAHISGKMRKNYIRILTGDKVTVELTPYDLSKGRIVFRSR	1.007	1
